date_insert,central_govt_scheme,state_govt_scheme,scheme_e,scheme_c,scheme_g,scheme_t_ii_e,scheme_t_ii_c,scheme_t_ii_g,nps_lite,corporate_cg
1-Jan-10,12.5618,10.4199,10.5564,10.7497,10.7716,10,10,10,NA,NA
2-Jan-10,12.5632,10.4218,10.5564,10.752,10.7735,10,10,10,NA,NA
3-Jan-10,12.244,10.4238,10.5564,10.7543,10.7754,10,10,10,NA,NA
4-Jan-10,12.5685,10.4348,10.5971,10.7562,10.781,10,10,10,NA,NA
5-Jan-10,12.5713,10.4375,10.6232,10.7577,10.7764,10,10,10,NA,NA
6-Jan-10,12.5718,10.4381,10.6493,10.7624,10.7637,10,10,10,NA,NA
7-Jan-10,12.5627,10.4275,10.6361,10.7668,10.7667,10,10,10.1526,NA,NA
8-Jan-10,12.5687,10.4371,10.6164,10.7689,10.7772,10,10,10.1634,NA,NA
9-Jan-10,12.5711,10.4394,10.6128,10.771,10.7798,10,10,10.1646,NA,NA
10-Jan-10,12.5734,10.4413,10.6128,10.7732,10.7819,10,10,10.1659,NA,NA
11-Jan-10,12.5775,10.4473,10.632,10.7737,10.8159,10,10,10.1686,NA,NA
12-Jan-10,12.575,10.4633,10.5842,10.7757,10.7942,10,10,10.1656,NA,NA
13-Jan-10,12.5837,10.4756,10.6158,10.7675,10.8108,10,10,10.1663,NA,NA
14-Jan-10,12.6039,10.5065,10.6233,10.7661,10.8646,10,10,10.1707,NA,NA
15-Jan-10,12.5999,10.5113,10.6433,10.8026,10.8418,10,10,10.1693,NA,NA
16-Jan-10,12.6024,10.5134,10.642,10.805,10.844,10,10,10.1694,NA,NA
17-Jan-10,12.6049,10.5155,10.642,10.8075,10.8463,10,10,10.1696,NA,NA
18-Jan-10,12.613,10.5266,10.6279,10.8106,10.8632,10,10,10.3762,NA,NA
19-Jan-10,12.6063,10.5132,10.6254,10.8147,10.8513,10.0072,10,10.3668,NA,NA
20-Jan-10,12.6101,10.5164,10.6081,10.817,10.8606,10.011,10,10.3517,NA,NA
21-Jan-10,12.617,10.508,10.5327,10.8257,10.8959,9.9223,10,10.379,NA,NA
22-Jan-10,12.617,10.5114,10.4107,10.8361,10.8966,9.7819,10,10.3729,NA,NA
23-Jan-10,12.6196,10.5137,10.4006,10.8384,10.8988,9.7819,10,10.3747,NA,NA
24-Jan-10,12.6221,10.5159,10.4006,10.8408,10.9009,9.7819,10,10.3765,NA,NA
25-Jan-10,12.6164,10.5118,10.2633,10.845,10.8913,9.6302,10,10.3701,NA,NA
26-Jan-10,12.619,10.514,10.2568,10.8474,10.8934,9.6302,10,10.3719,NA,NA
27-Jan-10,12.6163,10.5056,10.0675,10.8505,10.9067,9.4415,10,10.3788,NA,NA
28-Jan-10,12.6252,10.5058,10.0802,10.8678,10.9089,9.4984,10,10.382,NA,NA
29-Jan-10,12.6241,10.5003,10.1904,10.8686,10.8882,9.6278,10,10.3602,NA,NA
30-Jan-10,12.6254,10.5012,10.1954,10.871,10.8882,9.6278,10,10.36,NA,NA
31-Jan-10,12.628,10.5034,10.1954,10.8735,10.8902,9.6278,10,10.3619,NA,NA
1-Feb-10,12.6207,10.4986,10.115,10.8774,10.87,9.5299,10,10.3426,NA,NA
2-Feb-10,12.5798,10.456,10.0421,10.8508,10.8409,9.4406,10,10.3198,NA,NA
3-Feb-10,12.6027,10.4748,10.145,10.8478,10.8458,9.5679,10,10.3286,NA,NA
4-Feb-10,12.587,10.4606,10.0818,10.8463,10.8405,9.4666,10,10.3305,NA,NA
5-Feb-10,12.5845,10.4546,9.8463,10.8472,10.8558,9.2381,10,10.3403,NA,NA
6-Feb-10,12.5918,10.4608,9.9901,10.8497,10.8578,9.4428,10,10.342,NA,NA
7-Feb-10,12.5944,10.463,9.9901,10.8522,10.8598,9.4428,10,10.3436,NA,NA
8-Feb-10,12.5941,10.4595,9.8406,10.854,10.8524,9.2771,10,10.3367,NA,NA
9-Feb-10,12.6002,10.4713,9.9514,10.8563,10.848,9.3801,10,10.3329,NA,NA
10-Feb-10,12.5751,10.4471,9.8438,10.8572,10.8137,9.2498,10.0283,10.2818,NA,NA
11-Feb-10,12.5586,10.4336,9.9699,10.8472,10.7844,9.3989,10.0197,10.2642,NA,NA
12-Feb-10,12.5612,10.4358,9.993,10.8497,10.7864,9.3989,10.0207,10.2658,NA,NA
13-Feb-10,12.5638,10.438,9.993,10.8521,10.7885,9.3989,10.0217,10.2675,NA,NA
14-Feb-10,12.5664,10.4402,9.993,10.8546,10.7905,9.3989,10.0227,10.2691,NA,NA
15-Feb-10,12.548,10.4231,9.984,10.8417,10.7775,9.3892,10.0185,10.2589,NA,NA
16-Feb-10,12.5543,10.4314,10.0389,10.8282,10.7812,9.4295,10.0136,10.2595,NA,NA
17-Feb-10,12.5556,10.435,10.1131,10.8143,10.781,9.4636,10.0106,10.26,NA,NA
18-Feb-10,12.557,10.4363,10.1083,10.8123,10.7886,9.4496,10.0089,10.2637,NA,NA
19-Feb-10,12.5422,10.4252,10.0488,10.8101,10.7821,9.4201,10.0032,10.2566,NA,NA
20-Feb-10,12.5448,10.4273,10.0315,10.8123,10.7839,9.3924,10.0042,10.2577,NA,NA
22-Feb-10,12.5638,10.4453,10.0403,10.8359,10.8253,9.4044,10.0132,10.2807,NA,NA
23-Feb-10,12.5773,10.4619,10.0403,10.8359,10.8253,9.4044,10.0132,10.2807,NA,NA
24-Feb-10,12.5751,10.461,10.0527,10.8489,10.8465,9.4201,10.0207,10.2917,NA,NA
25-Feb-10,12.5771,10.473,10.0246,10.8625,10.838,9.3971,10.0225,10.2862,NA,NA
26-Feb-10,12.5775,10.4706,10.1408,10.8571,10.8233,9.4588,10.0192,10.2781,NA,NA
1-Mar-10,12.5879,10.4792,10.1788,10.8641,10.833,9.5196,10.021,10.2837,NA,NA
2-Mar-10,12.5841,10.4793,10.3041,10.8423,10.8102,9.5851,10.0134,10.2844,NA,NA
3-Mar-10,10.5981,10.4877,10.4521,10.8451,10.8135,9.7239,10.0157,10.2851,NA,NA
4-Mar-10,12.6049,10.493,10.4826,10.8516,10.8155,9.7858,10.02,10.2862,NA,NA
5-Mar-10,12.6019,10.4888,10.4888,10.8537,10.8194,9.7838,10.0209,10.322,NA,NA
6-Mar-10,12.6044,10.4908,10.4937,10.856,10.8214,9.7912,10.0217,10.323,NA,NA
7-Mar-10,12.607,10.4929,10.4937,10.8583,10.8233,9.7912,10.0221,10.3241,NA,NA
8-Mar-10,12.6148,10.4998,10.531,10.8651,10.8178,9.8111,10.0226,10.3244,NA,NA
9-Mar-10,12.6262,10.5182,10.5281,10.8692,10.8645,9.8293,10.0252,10.3579,NA,NA
10-Mar-10,12.6316,10.5248,10.5526,10.8603,10.8665,9.8296,10.0264,10.3552,NA,NA
11-Mar-10,12.6331,10.5223,10.5735,10.8627,10.8615,9.8478,10.0276,10.35,NA,NA
12-Mar-10,12.6297,10.5099,10.5907,10.8693,10.8562,9.8654,10.0315,10.3596,NA,NA
15-Mar-10,12.64,10.5158,10.5884,10.8762,10.875,9.8662,10.0293,10.381,NA,NA
17-Mar-10,12.6738,10.5609,10.7323,10.8851,10.9157,9.9622,10.0324,10.416,NA,NA
18-Mar-10,12.697,10.5766,10.7502,10.896,10.9463,9.9865,10.0344,10.4454,NA,NA
19-Mar-10,12.7243,10.6023,10.81,10.927,10.9784,10.0209,10.1518,10.4689,NA,NA
20-Mar-10,12.727,10.6044,10.8197,10.9295,10.9807,10.0331,10.152,10.4709,NA,NA
22-Mar-10,12.6923,10.5856,10.7599,10.9134,10.9724,10.0049,10.1271,10.4636,NA,NA
23-Mar-10,12.6926,10.58,10.729,10.9195,10.9647,9.9654,10.131,10.4572,NA,NA
25-Mar-10,12.6993,10.5906,10.781,10.9234,10.9673,9.9985,10.1354,10.4572,NA,NA
26-Mar-10,12.7175,10.6043,10.8273,10.932,10.9879,10.0353,10.1454,10.4789,NA,NA
29-Mar-10,12.771,10.6479,10.843,10.9418,11.0557,10.0517,10.1536,10.5744,NA,NA
30-Mar-10,12.7756,10.638,10.825,10.9694,11.033,10.0519,10.1887,10.5854,NA,NA
31-Mar-10,12.779,10.6339,10.7951,10.9944,11.0023,10.0195,10.2206,10.5649,NA,NA
1-Apr-10,12.7857,10.641,10.8304,10.9969,11.0047,10.0306,10.2208,10.5669,NA,NA
3-Apr-10,12.7912,10.6455,10.8304,11.0018,11.0096,10.0306,10.2213,10.571,NA,NA
5-Apr-10,12.8216,10.669,10.9331,11.012,11.0401,10.1195,10.238,10.5985,NA,NA
6-Apr-10,12.8236,10.6837,10.9918,11.0161,11.0492,10.1957,10.2412,10.5898,NA,NA
7-Apr-10,12.8366,10.7025,11.0152,11.0206,11.0656,10.2054,10.2447,10.6005,NA,NA
8-Apr-10,12.8088,10.6745,10.9469,11.0253,11.0248,10.1774,10.2479,10.571,NA,NA
9-Apr-10,12.7769,10.6538,10.9301,11.0175,10.9546,10.1338,10.2387,10.5218,NA,NA
12-Apr-10,12.7618,10.6357,10.9546,11.0036,10.9464,10.1944,10.2206,10.5196,NA,NA
13-Apr-10,12.7506,10.6532,10.908,11.0058,10.9268,10.1566,10.2221,10.5348,NA,NA
15-Apr-10,12.7342,10.6202,10.8661,11.0088,10.9027,10.1279,10.2245,10.543,NA,NA
16-Apr-10,12.7293,10.615,10.805,11.0118,10.9004,10.0505,10.2271,10.5387,NA,NA
19-Apr-10,12.7228,10.6106,10.7446,11.0208,10.893,10.0134,10.2406,10.5309,NA,NA
20-Apr-10,12.7851,10.6452,10.6992,11.0497,10.9603,9.9303,10.2751,10.5883,NA,NA
21-Apr-10,12.7945,10.6453,10.7449,11.0723,10.9486,9.9769,10.3037,10.5762,NA,NA
22-Apr-10,12.8308,10.6605,10.7708,11.1021,10.973,10.0035,10.3387,10.5911,NA,NA
23-Apr-10,12.8245,10.6518,10.8413,11.1089,10.9339,10.0586,10.3429,10.5533,NA,NA
26-Apr-10,12.8286,10.6574,10.8896,11.1154,10.9349,10.1118,10.3494,10.5529,NA,NA
27-Apr-10,12.8328,10.6583,10.8934,11.1177,10.9321,10.1299,10.3515,10.5494,NA,NA
28-Apr-10,12.8296,10.6666,10.7882,11.1338,10.9462,10.0706,10.3637,10.5662,NA,NA
29-Apr-10,12.8392,10.695,10.7131,11.2011,10.9613,9.9533,10.4216,10.5763,NA,NA
30-Apr-10,12.8713,10.7266,10.7728,11.2021,11.022,10.0176,10.4222,10.619,NA,NA
3-May-10,12.867,10.725,10.7675,11.2093,11.0283,10.0383,10.4292,10.6241,NA,NA
4-May-10,12.8738,10.7311,10.6549,11.2134,11.0691,9.9364,10.4333,10.6604,NA,NA
5-May-10,12.8863,10.755,10.5639,11.2405,11.074,9.8227,10.4587,10.6621,NA,NA
6-May-10,12.8861,10.7621,10.5139,11.2289,11.0886,9.7776,10.443,10.6801,NA,NA
7-May-10,12.8848,10.7493,10.4058,11.2393,11.091,9.6967,10.456,10.6755,NA,NA
8-May-10,12.8875,10.7514,10.3235,11.2417,11.0935,9.588,10.4566,10.6777,NA,NA
9-May-10,12.8902,10.7532,10.3235,11.2441,11.0959,9.588,10.4571,10.68,NA,NA
10-May-10,12.9025,10.7785,10.4621,11.244,11.0698,9.6477,10.4568,10.6596,NA,NA
11-May-10,12.918,10.7831,10.6237,11.2525,11.1161,9.8915,10.47,10.6997,NA,NA
12-May-10,12.9362,10.7888,10.5548,11.2617,11.1304,9.8043,10.4775,10.7134,NA,NA
13-May-10,12.9564,10.8051,10.6158,11.2641,11.1515,9.8497,10.4799,10.7351,NA,NA
14-May-10,12.9873,10.8748,10.5656,11.2766,11.2632,9.8433,10.4935,10.8614,NA,NA
17-May-10,13.023,10.943,10.4772,11.3374,11.2945,9.727,10.5256,10.8875,NA,NA
18-May-10,13.0201,10.9415,10.4236,11.3386,11.2877,9.6753,10.527,10.8751,NA,NA
19-May-10,13.0328,10.9409,10.3213,11.3652,11.3404,9.6205,10.5553,10.9178,NA,NA
20-May-10,13.0525,10.9567,10.1986,11.344,11.3579,9.4524,10.532,10.9335,NA,NA
21-May-10,13.0593,10.9619,10.2046,11.3646,11.3601,9.4735,10.5575,10.9354,NA,NA
24-May-10,13.0654,10.9666,10.1992,11.3725,11.3542,9.4601,10.5632,10.9257,NA,NA
25-May-10,13.0479,10.9576,10.0787,11.3796,11.3561,9.3934,10.5701,10.938,NA,NA
26-May-10,13.014,10.9251,10.0095,11.3524,11.3138,9.2714,10.5398,10.8979,NA,NA
28-May-10,13.0342,10.949,10.3276,11.3473,11.3025,9.5746,10.5341,10.8887,NA,NA
31-May-10,13.049,10.9593,10.423,11.3633,11.2964,9.666,10.5482,10.8831,NA,NA
1-Jun-10,13.0386,10.9497,10.3758,11.3641,11.3255,9.6515,10.5496,10.9104,NA,NA
2-Jun-10,13.0629,10.9727,10.273,11.3691,11.3361,9.529,10.5522,10.9179,NA,NA
3-Jun-10,13.0599,10.9724,10.33,11.3702,11.3242,9.6457,10.5526,10.8841,NA,NA
4-Jun-10,13.0804,11.023,10.4288,11.5462,11.3337,9.7781,10.5506,10.9055,NA,NA
7-Jun-10,13.0758,11.0121,10.4085,11.5517,11.342,9.7394,10.5605,10.9286,NA,NA
8-Jun-10,13.0701,11.0034,10.3022,11.5537,11.3489,9.5984,10.5621,10.938,NA,NA
9-Jun-10,13.0679,11.0091,10.2746,11.5145,11.373,9.5631,10.5598,10.9208,NA,NA
10-Jun-10,13.0746,11.0194,10.3454,11.5476,11.3662,9.6448,10.5527,10.907,NA,NA
11-Jun-10,13.0545,11.0065,10.4212,11.5475,11.3632,9.736,10.5502,10.8878,NA,NA
14-Jun-10,13.0622,11.0081,10.5102,11.5471,11.3434,9.8375,10.5393,10.8586,NA,NA
15-Jun-10,13.0753,11.0226,10.6004,11.5492,11.3525,9.9313,10.5407,10.8722,NA,NA
16-Jun-10,13.092,11.044,10.6194,11.553,11.3685,9.9531,10.5457,10.8972,NA,NA
17-Jun-10,13.0975,11.0477,10.6561,11.5715,11.3591,9.9872,10.5596,10.8804,NA,NA
18-Jun-10,13.1223,11.0655,10.6866,11.5738,11.3822,10.0192,10.561,11.0034,NA,NA
21-Jun-10,13.1657,11.1148,10.7279,11.5854,11.4205,10.0512,10.5688,11.0271,NA,NA
22-Jun-10,13.1619,11.1059,10.8056,11.5906,11.4207,10.1254,10.5704,11.0263,NA,NA
23-Jun-10,13.1603,11.1049,10.774,11.5929,11.4137,10.0956,10.5718,11.0127,NA,NA
24-Jun-10,13.1654,11.1099,10.7622,11.5952,11.4239,10.0877,10.5732,11.0317,NA,NA
25-Jun-10,13.1476,11.0884,10.7633,11.5891,11.4011,10.0881,10.5597,10.9936,NA,NA
28-Jun-10,13.1872,11.1281,10.7225,11.5973,11.4234,10.0507,10.5651,11.0266,NA,NA
29-Jun-10,13.1928,11.1248,10.7627,11.6042,11.4398,10.0897,10.5729,11.0446,NA,NA
30-Jun-10,13.2169,11.1492,10.7186,11.6313,11.449,10.0464,10.651,11.0584,NA,NA
1-Jul-10,13.2063,11.1384,10.7422,11.6341,11.4576,10.0719,10.6536,11.0711,NA,NA
2-Jul-10,13.2018,11.1281,10.6692,11.6418,11.4454,10.0104,10.6624,11.051,NA,NA
6-Jul-10,13.2082,11.1329,10.6983,11.6423,11.4427,10.0287,10.6545,11.0419,NA,NA
7-Jul-10,13.2192,11.1437,10.7064,11.6566,11.4582,10.0426,10.6756,11.0631,NA,NA
8-Jul-10,13.2292,11.1596,10.7152,11.6591,11.4514,10.036,10.6777,11.0513,NA,NA
9-Jul-10,13.2262,11.1657,10.7795,11.6521,11.4369,10.0861,10.6683,11.0298,NA,NA
12-Jul-10,13.2433,11.1835,10.8353,11.6526,11.4493,10.1291,10.67,11.0472,NA,NA
13-Jul-10,13.2461,11.1921,10.8802,11.6498,11.4481,10.1613,10.6664,11.0443,NA,NA
14-Jul-10,13.2426,11.1843,10.9041,11.6498,11.4467,10.1783,10.6684,11.041,NA,NA
15-Jul-10,13.2371,11.178,10.8909,11.6524,11.4463,10.1676,10.6705,11.0399,NA,NA
16-Jul-10,13.243,11.1897,10.873,11.656,11.4478,10.156,10.6724,11.0411,NA,NA
19-Jul-10,13.2537,11.1958,10.8908,11.6642,11.4577,10.1685,10.6778,11.0532,NA,NA
20-Jul-10,13.2416,11.1822,10.8504,11.6667,11.4448,10.1457,10.6794,11.0371,NA,NA
21-Jul-10,13.2373,11.1914,10.8718,11.6597,11.4595,10.1532,10.6723,11.0796,NA,NA
22-Jul-10,13.2566,11.2135,10.9255,11.6705,11.5106,10.1897,10.6787,11.0886,NA,NA
23-Jul-10,13.259,11.2125,10.9583,11.6729,11.5102,10.2158,10.6802,11.0885,NA,NA
26-Jul-10,13.2525,11.2098,10.9584,11.6798,11.5232,10.2173,10.685,11.1032,NA,NA
27-Jul-10,13.2305,11.1936,10.9412,11.6726,11.4963,10.2062,10.6782,11.0707,NA,NA
28-Jul-10,13.2225,11.189,10.9261,11.695,11.5,10.1983,10.6797,11.0546,NA,NA
29-Jul-10,13.2385,11.1751,10.8927,11.6694,11.4946,10.1784,10.6643,11.0731,NA,NA
30-Jul-10,13.2124,11.1497,10.9012,11.6618,11.4804,10.1829,10.6579,11.0559,NA,NA
2-Aug-10,13.1777,11.1491,10.8893,11.651,11.4484,10.1796,10.6504,10.9913,NA,NA
3-Aug-10,13.196,11.1707,10.9676,11.6572,11.4752,10.2149,10.6572,11.0237,NA,NA
4-Aug-10,13.2041,11.1734,10.9718,11.676,11.5045,10.2166,10.6706,11.008,NA,NA
5-Aug-10,13.1735,11.1515,11.0208,11.6564,11.4634,10.2406,10.6539,10.9677,NA,NA
6-Aug-10,13.1801,11.1709,10.9804,11.6658,11.5119,10.2212,10.6635,11.0156,NA,NA
9-Aug-10,13.2067,11.1985,10.9825,11.6827,11.5292,10.2238,10.6762,11.0323,NA,NA
10-Aug-10,13.2026,11.1847,11.04,11.6956,11.5318,10.2458,10.6791,11.019,NA,NA
11-Aug-10,13.2125,11.1879,10.9955,11.7041,11.5558,10.2225,10.685,11.0403,NA,NA
12-Aug-10,13.2195,11.1798,10.938,11.7126,11.5456,10.199,10.6903,11.0313,NA,NA
13-Aug-10,13.2311,11.1871,10.9403,11.7131,11.5512,10.2031,10.6916,11.0402,NA,NA
16-Aug-10,13.23,11.1819,10.968,11.726,11.5523,10.2188,10.6996,11.0412,NA,NA
17-Aug-10,13.2142,11.164,10.9343,11.7229,11.5133,10.1997,10.7002,11.0104,NA,NA
18-Aug-10,13.2068,11.1551,10.9481,11.7142,11.4754,10.2091,10.6973,10.9802,NA,NA
19-Aug-10,13.2171,11.1697,11.0604,11.7169,11.4779,10.2906,10.6983,10.9822,NA,NA
20-Aug-10,13.2134,11.1606,11.1396,11.7161,11.4533,10.3471,10.6997,10.9632,NA,NA
23-Aug-10,13.2268,11.1711,11.1575,11.7178,11.4396,10.3643,10.6999,10.9537,NA,NA
24-Aug-10,13.226,11.1644,11.1445,11.7251,11.4474,10.3549,10.7047,10.9593,NA,NA
25-Aug-10,13.2118,11.1382,11.0676,11.73,11.414,10.2947,10.7062,10.9422,NA,NA
26-Aug-10,13.2286,11.1569,11.015,11.7362,11.4434,10.2562,10.7103,10.9699,NA,NA
27-Aug-10,13.2342,11.1678,11.0027,11.7387,11.4843,10.2494,10.7114,11.0085,NA,NA
30-Aug-10,13.2449,11.1806,10.9078,11.747,11.4787,10.176,10.7149,11.0042,NA,NA
31-Aug-10,13.2568,11.1934,10.9132,11.752,11.5217,10.1804,10.7161,11.0441,NA,NA
1-Sep-10,13.2802,11.2223,10.9283,11.7657,11.5242,10.1842,10.7234,11.0465,NA,NA
2-Sep-10,13.2726,11.2145,11.0427,11.7691,11.4934,10.29,10.7245,11.0172,NA,NA
3-Sep-10,13.2734,11.2142,11.0641,11.7718,11.496,10.3102,10.7257,11.0196,NA,NA
6-Sep-10,13.3028,11.2584,11.0999,11.7796,11.4935,10.3308,10.7292,11.0172,NA,NA
7-Sep-10,13.3227,11.2809,11.2556,11.7857,11.5265,10.472,10.7336,11.0494,NA,NA
8-Sep-10,13.3364,11.2912,11.2971,11.797,11.5373,10.51,10.7411,11.0596,NA,NA
9-Sep-10,13.3514,11.3056,11.328,11.7997,11.5579,10.5319,10.7444,11.0791,NA,NA
13-Sep-10,13.3799,11.3264,11.4426,11.8725,11.5269,10.6198,10.9727,11.0492,NA,NA
14-Sep-10,13.3953,11.3497,11.6356,11.8753,11.5487,10.7913,10.9786,11.0666,NA,NA
15-Sep-10,13.4135,11.3691,11.7204,11.8828,11.5523,10.8602,10.9835,11.0694,NA,NA
16-Sep-10,13.4031,11.3514,11.8021,11.8828,11.5406,10.9358,10.9867,11.0603,NA,NA
17-Sep-10,13.4104,11.3656,11.7875,11.8857,11.5312,10.9144,10.9882,11.0534,NA,NA
20-Sep-10,13.4451,11.3976,11.9218,11.9036,11.543,11.0259,10.9968,11.0607,NA,NA
21-Sep-10,13.4612,11.4124,12.0695,11.9071,11.5567,11.162,11.046,11.1144,NA,NA
22-Sep-10,13.4735,11.4203,12.1078,11.9183,11.5756,11.1987,11.0507,11.133,NA,NA
23-Sep-10,13.4759,11.4178,12.0757,11.9232,11.6032,11.1695,11.0537,11.1632,NA,NA
24-Sep-10,13.4991,11.4405,12.0465,11.9399,11.6057,11.1355,11.0646,11.1656,NA,NA
27-Sep-10,13.5338,11.4724,12.1534,11.9419,11.6499,11.2365,11.0647,11.2009,NA,NA
28-Sep-10,13.5509,11.4836,12.1674,11.9485,11.66,11.2534,11.0687,11.2121,NA,NA
29-Sep-10,13.5434,11.4686,12.1518,11.9675,11.6675,11.2414,11.0938,11.2197,NA,NA
30-Sep-10,13.5512,11.4782,12.0832,11.9756,11.6701,11.1796,11.206,11.2221,NA,NA
1-Oct-10,13.5715,11.4995,12.207,11.9757,11.633,11.2846,11.2062,11.1852,NA,NA
4-Oct-10,13.5731,11.5023,12.3894,11.9835,11.6146,11.456,11.213,11.1684,NA,NA
5-Oct-10,13.5816,11.5088,12.4134,11.9863,11.616,11.4779,11.2156,11.1697,NA,NA
6-Oct-10,13.5966,11.5346,12.3938,11.9889,11.6289,11.46,11.2182,11.1858,NA,NA
7-Oct-10,13.5816,11.5002,12.4332,11.9917,11.6177,11.5012,11.2208,11.1747,NA,NA
8-Oct-10,13.5662,11.4806,12.315,11.9964,11.5926,11.3916,11.2403,11.1505,NA,NA
11-Oct-10,13.5829,11.4928,12.3235,12.0049,11.5881,11.3938,11.2481,11.1466,NA,NA
12-Oct-10,13.5659,11.4737,12.343,11.9964,11.5815,11.4182,11.2418,11.1401,NA,NA
13-Oct-10,13.5957,11.5039,12.3422,11.9977,11.583,11.4051,11.2424,11.1459,NA,NA
14-Oct-10,13.5783,11.4855,12.524,11.9958,11.5808,11.5864,11.2417,11.1441,NA,NA
15-Oct-10,13.5343,11.4432,12.3625,11.989,11.5495,11.4365,11.2354,11.1139,NA,NA
18-Oct-10,13.5275,11.4388,12.2178,11.9816,11.5401,11.2961,11.2319,11.1044,NA,NA
19-Oct-10,13.5177,11.4308,12.2066,11.9645,11.5545,11.2934,11.2194,11.1176,NA,NA
20-Oct-10,13.4949,11.4009,12.1165,11.9672,11.5097,11.2079,11.222,11.0776,NA,NA
21-Oct-10,13.5636,11.4501,12.1155,11.9654,11.5309,11.1962,11.2203,11.0928,NA,NA
22-Oct-10,13.5621,11.4505,12.2741,11.9704,11.5476,11.3538,11.2246,11.1052,NA,NA
25-Oct-10,13.5811,11.469,12.2578,12.2578,11.5497,11.3317,11.2323,11.1059,NA,NA
26-Oct-10,13.5716,11.4624,12.3087,12.3087,11.5375,11.3818,11.2348,11.0961,NA,NA
1-Nov-10,13.5838,11.4701,12.1886,11.9938,11.5825,11.2609,11.2461,11.1504,10.0222,NA
2-Nov-10,13.6155,11.5117,12.3459,12.0388,11.6414,11.4086,11.2577,11.2274,10.0273,NA
3-Nov-10,13.6659,11.5672,12.3608,12.0564,11.6902,11.4204,11.2702,11.2582,10.0288,NA
4-Nov-10,13.6932,11.5911,12.4575,12.0627,11.6774,11.5051,11.2893,11.2674,10.0302,NA
8-Nov-10,13.7057,11.6068,12.6591,12.0873,11.6814,11.6915,11.2806,11.2455,10.0317,NA
9-Nov-10,13.7041,11.6145,12.6648,12.086,11.6748,11.6934,11.2824,11.2356,10.0375,NA
10-Nov-10,13.6915,11.598,12.688,12.0825,11.6542,11.719,11.2799,11.2143,10.0386,NA
11-Nov-10,13.6658,11.571,12.6193,12.0797,11.647,11.6604,11.2787,11.2081,10.0363,NA
12-Nov-10,13.6286,11.5358,12.4309,12.0814,11.6444,11.494,11.2803,11.2091,10.0383,NA
15-Nov-10,13.6499,11.551,12.2827,12.0979,11.657,11.3451,11.2935,11.2233,10.0519,NA
16-Nov-10,13.6107,11.5161,12.2891,12.0962,11.6548,11.3673,11.2893,11.2223,10.0506,NA
19-Nov-10,13.5957,11.5001,12.0527,12.1023,11.6829,11.1447,11.2889,11.2516,10.0564,NA
22-Nov-10,13.6232,11.5334,11.9512,12.1039,11.6936,11.0359,11.2923,11.2632,10.053,NA
23-Nov-10,13.606,11.5185,12.0905,12.0966,11.7086,11.1757,11.2882,11.2816,10.0491,NA
24-Nov-10,13.5859,11.5,11.9462,12.1027,11.7053,11.0436,11.2929,11.2694,10.0574,NA
25-Nov-10,13.5597,11.4736,11.8086,12.1048,11.728,10.9173,11.2952,11.2847,10.0597,NA
26-Nov-10,13.5512,11.4594,11.6813,12.1043,11.7437,10.7993,11.2955,11.3074,10.056,NA
29-Nov-10,13.5705,11.4813,11.6496,12.1076,11.7358,10.7689,11.2982,11.2955,10.296,NA
30-Nov-10,13.5844,11.4908,11.7814,12.169,11.719,10.887,11.4124,11.2715,10.2984,NA
1-Dec-10,13.6133,11.5126,11.8503,12.164,11.7008,10.9466,11.4086,11.2482,10.2947,NA
2-Dec-10,13.6231,11.5248,12.0391,12.1615,11.7102,11.1216,11.4442,11.2626,10.273,NA
3-Dec-10,13.5769,11.479,12.1079,12.1627,11.6302,11.1881,11.4372,11.1977,10.2697,NA
6-Dec-10,13.5523,11.4667,12.067,12.1378,11.6082,11.1508,11.42,11.1765,10.2598,NA
7-Dec-10,13.572,11.4892,12.0738,12.1285,11.6821,11.1562,11.4132,11.2446,10.2597,NA
8-Dec-10,13.5457,11.4636,12.0044,12.1122,11.678,11.096,11.3985,11.2424,10.2735,NA
9-Dec-10,13.5031,11.4197,11.8379,12.1085,11.677,10.9429,11.3961,11.243,10.2746,NA
10-Dec-10,13.5437,11.4601,11.6743,12.1115,11.7091,10.7862,11.3991,11.2745,10.2935,NA
13-Dec-10,13.5574,11.4749,11.8404,12.1133,11.6997,10.9402,11.4028,11.267,10.2882,NA
14-Dec-10,13.5915,11.5067,11.9355,12.1224,11.7354,11.0266,11.4103,11.2977,10.3051,NA
15-Dec-10,13.5822,11.5015,11.9557,12.1218,11.7475,11.0481,11.4107,11.3086,10.31,NA
16-Dec-10,13.6386,11.5556,11.903,12.1478,11.8243,10.9956,11.4306,11.3898,10.3678,NA
20-Dec-10,13.642,11.558,11.9913,12.1668,11.8217,11.0784,11.4467,11.385,10.3717,NA
21-Dec-10,13.6528,11.5741,12.0067,12.1639,11.8322,11.0915,11.4456,11.4036,10.3832,NA
22-Dec-10,13.6485,11.5719,12.0802,12.1596,11.8337,11.1604,11.4431,11.4033,10.3814,NA
23-Dec-10,13.6564,11.5848,12.0636,12.1626,11.8573,11.144,11.4452,11.4144,10.3863,NA
24-Dec-10,13.6779,11.6047,12.0659,12.1656,11.8796,11.1447,11.4481,11.4339,10.3983,NA
27-Dec-10,13.6738,11.5929,12.1182,12.1745,11.8659,11.1955,11.4568,11.4321,10.4021,NA
28-Dec-10,13.6834,11.6033,12.0953,12.1775,11.8864,11.1741,11.4597,11.4432,10.4075,NA
29-Dec-10,13.694,11.6082,12.1065,12.1743,11.8826,11.1823,11.4577,11.4446,10.4061,NA
30-Dec-10,13.6973,11.6104,12.2017,12.1776,11.8679,11.2726,11.4606,11.435,10.431,NA
31-Dec-10,13.7159,11.6345,12.2953,12.1801,11.8879,11.3514,11.4627,11.4428,10.4606,NA
3-Jan-11,13.7304,11.6526,12.358,12.1822,11.9068,11.4065,11.467,11.4622,10.4829,NA
4-Jan-11,13.7007,11.6027,12.376,12.1853,11.8015,11.429,11.4698,11.3596,10.4741,NA
5-Jan-11,13.6854,11.5859,12.344,12.1884,11.8123,11.4023,11.4737,11.3711,10.473,NA
6-Jan-11,13.649,11.5563,12.2098,12.1885,11.7698,11.2799,11.4746,11.3315,10.4722,NA
7-Jan-11,13.5995,11.508,12.1228,12.1915,11.7259,11.2095,11.4774,11.297,10.4103,NA
10-Jan-11,13.5595,11.4745,11.8348,12.2346,11.7175,10.9475,11.5831,11.2828,10.3764,NA
11-Jan-11,13.5684,11.4837,11.5851,12.2433,11.728,10.7069,11.5793,11.2878,10.3374,NA
12-Jan-11,13.5969,11.5152,11.6457,12.2443,11.7493,10.7415,11.5804,11.3081,10.3849,NA
13-Jan-11,13.5886,11.5015,11.7641,12.2339,11.7738,10.8769,11.5701,11.3279,10.3927,NA
14-Jan-11,13.5404,11.4617,11.5526,11.2246,11.7457,10.6811,11.5544,11.3033,10.3677,NA
17-Jan-11,13.5154,11.4444,11.3941,12.2179,11.7281,10.5273,11.5486,11.2893,10.3061,NA
18-Jan-11,13.5345,11.4683,11.4319,12.2211,11.7553,10.5529,11.5518,11.3158,10.3295,NA
19-Jan-11,13.527,11.4671,11.5257,12.2063,11.7625,10.6502,11.5402,11.3227,10.3973,NA
20-Jan-11,13.5351,11.4761,11.4836,12.1962,11.7958,10.6067,11.5338,11.3513,10.4038,NA
21-Jan-11,13.5309,11.4744,11.5077,12.1986,11.7773,10.6328,11.5349,11.337,10.4038,NA
24-Jan-11,13.5449,11.4833,11.5042,12.1949,11.777,10.623,11.5356,11.3349,10.4076,NA
25-Jan-11,13.5439,11.4848,11.5479,12.1768,11.7981,10.6777,11.5226,11.358,10.4254,NA
27-Jan-11,13.5281,11.4698,11.4267,12.1839,11.8108,10.5698,11.5371,11.3706,10.4271,NA
28-Jan-11,13.5034,11.4499,11.2525,12.1855,11.8181,10.4088,11.5397,11.3772,10.4038,NA
31-Jan-11,13.508,11.452,11.0933,12.1817,11.8176,10.2587,11.5371,11.3765,10.4089,NA
1-Feb-11,13.4805,11.4258,11.0436,12.1711,11.8119,10.2194,11.5249,11.3711,10.3973,NA
2-Feb-11,13.4834,11.43,10.9089,12.1708,11.8181,10.0877,11.5246,11.3773,10.4046,NA
3-Feb-11,13.5074,11.4514,10.9882,12.1774,11.8129,10.154,11.5306,11.3718,10.4161,NA
4-Feb-11,13.4701,11.4217,11.0761,12.1854,11.7897,10.2495,11.5404,11.3506,10.4102,NA
7-Feb-11,13.4723,11.4195,10.9088,12.1863,11.7908,10.0861,11.5412,11.3515,10.3963,NA
8-Feb-11,13.4591,11.4089,10.855,12.1903,11.811,10.0455,11.5453,11.3692,10.3881,NA
9-Feb-11,13.4393,11.3968,10.717,12.1932,11.8304,9.9156,11.5481,11.386,10.3696,NA
10-Feb-11,13.4503,11.4039,10.6282,12.1948,11.85,9.8333,11.5487,11.4044,10.3952,NA
11-Feb-11,13.4743,11.4205,10.6341,12.1999,11.8538,9.8402,11.5545,11.404,10.408,NA
14-Feb-11,13.5299,11.4654,10.83,12.2087,11.8741,10.0202,11.5628,11.4252,10.4397,NA
15-Feb-11,13.5424,11.4718,11.0214,12.2117,11.8808,10.1917,11.5656,11.4301,10.4368,NA
17-Feb-11,13.5719,11.4977,11.0854,12.2176,11.9001,10.2479,11.5713,11.4478,10.4379,NA
18-Feb-11,13.5452,11.4737,11.1422,12.2206,11.8916,10.2988,11.5742,11.4412,10.4261,NA
21-Feb-11,13.5791,11.4987,11.0531,12.2259,11.9206,10.2201,11.5768,11.468,10.4476,NA
22-Feb-11,13.5713,11.4953,11.1176,12.2286,11.9312,10.2774,11.5794,11.4789,10.4525,NA
23-Feb-11,13.5683,11.4967,11.0098,12.2316,11.9393,10.1834,11.5822,11.481,10.4369,NA
24-Feb-11,13.5238,11.4575,10.8967,12.234,11.9275,10.0769,11.5842,11.4715,10.4138,NA
25-Feb-11,13.5301,11.465,10.6871,12.2368,11.9257,9.9022,11.5868,11.468,10.3959,NA
28-Feb-11,13.5683,11.493,10.7589,12.2457,11.9807,9.972,11.5949,11.521,10.4213,NA
1-Mar-11,13.6271,11.5394,10.8905,12.2569,11.9964,10.1167,11.6045,11.5376,10.4385,NA
3-Mar-11,13.6549,11.562,11.1389,12.2657,12.052,10.3304,11.6097,11.5903,10.4518,NA
4-Mar-11,13.6521,11.5606,11.1725,12.2694,12.1968,10.3648,11.6131,11.6748,10.4525,NA
7-Mar-11,13.6293,11.5424,11.1265,12.2787,12.1962,10.3082,11.6214,11.6732,10.4496,NA
8-Mar-11,13.657,13.5617,11.0622,12.2815,12.2375,10.2633,11.6239,11.7149,10.4804,NA
9-Mar-11,13.6616,11.5647,11.1457,12.2879,12.2451,10.3379,11.6305,11.7194,10.4831,NA
10-Mar-11,13.6645,11.5658,11.1446,12.2907,12.2611,10.3317,11.6331,11.7347,10.4886,NA
11-Mar-11,13.6508,11.5573,11.0678,12.2935,12.2758,10.2561,11.6356,11.7481,10.4963,NA
14-Mar-11,13.6816,11.5767,11.0515,12.3019,12.3005,10.2574,11.6433,11.7624,10.5069,NA
15-Mar-11,13.6702,11.5701,11.1139,12.3047,12.3061,10.2942,11.6459,11.7702,10.5023,NA
16-Mar-11,13.6901,11.5837,11.0383,12.3059,12.3086,10.239,11.6461,11.7729,10.5123,NA
17-Mar-11,13.6762,11.5731,11.0799,12.3179,12.3002,10.265,11.652,11.7668,10.5116,NA
20-Mar-11,13.6639,11.5643,10.8694,12.3274,12.3026,10.077,11.6615,11.7678,10.5093,NA
21-Mar-11,13.6614,11.5601,10.8602,12.3311,12.2965,10.0672,11.6643,11.7555,10.5073,NA
22-Mar-11,13.6778,11.5734,10.8834,12.3352,12.2982,10.0938,11.6712,11.7639,10.5207,NA
23-Mar-11,13.6984,11.5924,10.9722,12.3386,12.3205,10.1744,11.6737,11.7822,10.5324,NA
24-Mar-11,13.7116,11.6024,11.1001,12.3412,12.3298,10.2921,11.6773,11.7909,11.5309,NA
25-Mar-11,13.7475,11.6294,11.2053,12.344,12.3407,10.3924,11.6798,11.8052,10.5416,NA
28-Mar-11,13.7674,11.652,11.4373,12.3762,12.3531,10.6024,11.6878,11.8211,10.5524,NA
29-Mar-11,13.7777,11.6583,11.4957,12.3801,12.3566,10.656,11.6923,11.8236,10.6432,NA
30-Mar-11,13.7903,11.6715,11.6138,12.383,12.3414,10.7679,11.6959,11.8096,10.648,NA
31-Mar-11,13.8075,11.685,11.6639,12.3858,12.3501,10.807,11.6985,11.8141,10.7508,NA
5-Apr-11,13.8105,11.6963,11.8835,12.3881,12.351,11.0072,11.6778,11.8187,10.7677,NA
6-Apr-11,13.813,11.6959,11.8714,12.3909,12.3491,10.9944,11.6835,11.817,10.7631,NA
7-Apr-11,13.8149,11.6848,11.8401,12.3857,12.3498,10.9675,11.6872,11.8179,10.7668,NA
8-Apr-11,13.7984,11.6738,11.816,12.3895,12.3057,10.9439,11.6876,11.778,10.7575,NA
11-Apr-11,13.7877,11.666,11.7307,12.3959,12.2881,10.8664,11.6938,11.7598,10.7472,NA
13-Apr-11,13.8098,11.6826,11.7378,12.3989,12.2765,10.8984,11.6964,11.7477,10.7473,NA
15-Apr-11,13.8022,11.6912,11.8282,12.423,12.2791,10.9474,11.6986,11.7437,10.7981,NA
18-Apr-11,13.7828,11.676,11.6487,12.4137,12.2668,10.7819,11.6919,11.7384,10.7941,NA
19-Apr-11,13.7883,11.6809,11.54,12.4156,12.2659,10.6991,11.6933,11.7391,10.7934,NA
20-Apr-11,13.805,11.6938,11.6717,12.4154,12.2523,10.8413,11.6911,11.7281,10.7954,NA
21-Apr-11,13.8116,11.6966,11.8259,12.4091,12.2511,10.9705,11.6852,11.729,10.7941,NA
25-Apr-11,13.8194,11.6983,11.868,12.4192,12.2469,11.0037,11.6932,11.7218,10.7702,NA
26-Apr-11,13.8207,11.7016,11.8322,12.4156,12.2621,10.9677,11.6914,11.7358,10.7846,NA
27-Apr-11,13.8104,11.6944,11.8337,12.4151,12.273,10.972,11.691,11.7443,10.7877,NA
28-Apr-11,13.7974,11.6831,11.7197,12.4173,12.2748,10.8573,11.7484,11.7409,10.7669,NA
29-Apr-11,13.7849,11.6724,11.6171,12.4173,12.265,10.7598,11.7481,11.7317,10.7599,NA
2-May-11,13.7711,11.6604,11.547,12.4256,12.2674,10.6973,11.7562,11.734,10.7765,NA
3-May-11,13.7031,11.6251,11.3997,12.4404,12.1914,10.5519,11.7531,11.67,10.7906,NA
4-May-11,13.6899,11.6122,11.2146,12.4422,12.16,10.4053,11.7542,11.6394,10.7818,NA
5-May-11,13.6636,11.5907,11.1238,12.4198,12.1605,10.3127,11.7354,11.6408,10.7833,NA
6-May-11,13.7018,11.6249,11.1185,12.4232,12.1803,10.3427,11.739,11.6645,10.8136,NA
9-May-11,13.691,11.6188,11.2158,12.4226,12.172,10.4116,11.7383,11.6483,10.7939,NA
10-May-11,13.6719,11.6037,11.1807,12.4056,12.1452,10.3702,11.727,11.6282,10.789,NA
11-May-11,13.6659,11.5996,11.1894,12.3898,12.1362,10.3864,11.7152,11.619,10.7864,NA
12-May-11,13.6685,11.5983,11.151,12.3943,12.1593,10.329,11.7193,11.6461,10.8029,NA
13-May-11,13.6736,11.606,11.1238,12.3971,12.1446,10.3364,11.7214,11.6294,10.8003,NA
16-May-11,13.6772,11.6105,11.1609,12.4068,12.1586,10.351,11.73,11.6424,10.8043,NA
18-May-11,13.6431,11.5922,10.9754,12.4104,12.1544,10.1825,11.7323,11.6369,10.7964,NA
19-May-11,13.6434,11.593,10.9862,12.4134,12.1505,10.2044,11.7347,11.6339,10.8033,NA
20-May-11,13.6502,11.5991,11.0225,12.4046,12.1471,10.2435,11.7298,11.6277,10.8,NA
23-May-11,13.6292,11.5827,10.9972,12.4068,12.1601,10.1849,11.7325,11.6426,10.8101,NA
24-May-11,13.6255,11.5827,10.9025,12.4075,12.1562,10.1218,11.7333,11.6374,10.8211,NA
25-May-11,13.6176,11.5737,10.8684,12.4075,12.1587,10.0781,11.7341,11.6391,10.8151,NA
26-May-11,13.6357,11.588,10.8791,12.4103,12.1488,10.1123,11.7363,11.6305,10.8199,NA
27-May-11,13.6273,11.5861,11.0205,12.3693,12.1245,10.2476,11.7035,11.611,10.8147,NA
30-May-11,13.6268,11.59,11.0718,12.3516,12.1487,10.2775,11.6859,11.6291,10.8162,NA
31-May-11,13.6514,11.6098,11.1185,12.3321,12.1691,10.3346,11.6751,11.65,10.844,NA
1-Jun-11,13.678,11.6291,11.217,12.3353,12.2031,10.4091,11.6779,11.682,10.8755,NA
2-Jun-11,13.6905,11.6352,11.2522,12.3516,12.2218,10.435,11.6932,11.7019,10.8886,NA
3-Jun-11,13.698,11.6423,11.1767,12.3577,12.2406,10.3623,11.6965,11.7217,10.9004,NA
6-Jun-11,13.7143,11.6581,11.16,12.3666,12.2573,10.3599,11.7032,11.7386,10.9118,NA
7-Jun-11,13.7216,11.6648,11.1974,12.379,12.2636,10.3967,11.7132,11.7379,10.9199,NA
8-Jun-11,13.7211,11.665,11.1883,12.3786,12.2721,10.3735,11.7123,11.749,10.9287,NA
9-Jun-11,13.7236,11.6694,11.1827,12.3938,12.2697,10.3806,11.7268,11.7443,10.9294,NA
10-Jun-11,13.7407,11.6863,11.1405,12.4143,12.287,10.3335,11.7545,11.7591,10.9366,NA
13-Jun-11,13.7519,11.6928,11.1361,12.4274,12.2958,10.3414,11.7613,11.7656,10.943,NA
14-Jun-11,13.7424,11.6834,11.111,12.4185,12.2639,10.3131,11.7572,11.7316,10.9248,NA
15-Jun-11,13.7088,11.6537,11.0602,12.4127,12.2338,10.2453,11.7517,11.7018,10.8973,NA
16-Jun-11,13.7321,11.6682,10.9535,12.4389,12.2709,10.1467,11.7738,11.7462,10.9219,NA
17-Jun-11,13.7441,11.6749,10.9163,12.4542,12.2913,10.1266,11.7897,11.766,10.9366,NA
20-Jun-11,13.752,11.6814,10.7834,12.471,12.3385,9.9855,11.8079,11.8151,10.9544,NA
21-Jun-11,13.7477,11.6814,10.6898,12.4723,12.3307,9.9286,11.8106,11.809,10.951,NA
22-Jun-11,13.7511,11.6772,10.7059,12.4651,12.3267,9.9395,11.7995,11.802,10.9435,NA
23-Jun-11,13.757,11.6822,10.7437,12.4649,12.3455,9.9802,11.7994,11.8101,10.9458,NA
24-Jun-11,13.7981,11.7163,10.9225,12.4738,12.3514,10.1681,11.8076,11.8148,10.9769,NA
27-Jun-11,13.832,11.7435,11.1123,12.4837,12.36,10.3181,11.8167,11.832,11.0256,NA
28-Jun-11,13.8331,11.742,11.2128,12.4867,12.3492,10.4085,11.8197,11.8205,11.0201,NA
29-Jun-11,13.8435,11.7516,11.2583,12.4875,12.3454,10.4527,11.8229,11.8165,11.0231,NA
30-Jun-11,13.8527,11.7572,11.3444,12.4905,12.3417,10.5261,11.8259,11.8124,11.0235,NA
4-Jul-11,13.8566,11.7576,11.3954,12.5021,12.2852,10.5727,11.8372,11.7766,11.0169,NA
5-Jul-11,13.8676,11.7619,11.4336,12.5427,12.2946,10.5919,11.8737,11.7831,11.0451,NA
6-Jul-11,13.8613,11.7609,11.4092,12.5437,12.2912,10.5724,11.8749,11.782,11.044,NA
7-Jul-11,13.8892,11.7832,11.4766,12.5611,12.285,10.6542,11.8901,11.7752,11.0646,NA
8-Jul-11,13.878,11.77,11.5284,12.56,12.2965,10.6655,11.8895,11.7891,11.0584,NA
11-Jul-11,13.8908,11.7784,11.4237,12.5864,12.3238,10.5758,11.9166,11.8141,11.0752,NA
12-Jul-11,13.8996,11.7842,11.3317,12.6085,12.3534,10.4894,11.9349,11.8443,11.0835,NA
13-Jul-11,13.9125,11.7934,11.2718,12.6069,12.3436,10.4616,11.9343,11.8355,11.0932,NA
14-Jul-11,13.9425,11.8203,11.3414,12.6298,12.37,10.5148,11.9535,11.8664,11.1197,NA
15-Jul-11,13.9525,11.8294,11.3412,12.6507,12.3821,10.5073,11.9723,11.8743,11.1301,NA
18-Jul-11,13.9633,11.8367,11.3412,12.6568,12.4004,10.5155,11.9746,11.8913,11.1368,NA
19-Jul-11,13.9857,11.8588,11.3804,12.6847,12.4071,10.5676,12.0106,11.8978,11.1511,NA
20-Jul-11,13.9677,11.84,11.3166,12.6922,12.397,10.4717,12.0058,11.8894,11.129,NA
21-Jul-11,13.9762,11.8611,11.2764,12.719,12.4098,10.4464,12.0488,11.8994,11.1273,NA
22-Jul-11,13.9888,11.8742,11.3252,12.7194,12.385,10.5133,12.0532,11.8721,11.1323,NA
25-Jul-11,14.0218,11.8987,11.4405,12.7382,12.3959,10.6046,12.0675,11.8816,11.1502,NA
26-Jul-11,13.9301,11.8262,11.3996,12.6983,12.3178,10.5378,12.0389,11.8068,11.093,NA
27-Jul-11,13.9071,11.8082,11.273,12.6728,12.3076,10.4394,12.0086,11.7974,11.0729,NA
28-Jul-11,13.9076,11.8066,11.2309,12.7026,12.3046,10.4036,12.0322,11.7974,11.0772,NA
29-Jul-11,13.9046,11.8057,11.1934,12.697,12.2952,10.3864,12.0268,11.7945,11.0711,NA
1-Aug-11,13.9182,11.815,11.2017,12.7087,12.3024,10.3988,12.0364,11.8002,11.083,NA
2-Aug-11,13.9137,11.8099,11.142,12.708,12.3139,10.3139,12.0362,11.8091,11.073,NA
3-Aug-11,13.9122,11.8073,11.062,12.717,12.3221,10.2468,12.047,11.8187,11.072,NA
4-Aug-11,13.9038,11.7994,10.9294,12.7135,12.325,10.1178,12.0421,11.8264,11.0621,NA
8-Aug-11,13.946,11.825,10.5138,12.78,12.4574,9.7276,12.1019,11.9388,11.108,NA
9-Aug-11,13.9577,11.8338,10.38,12.8098,12.4971,9.6133,12.1371,11.9767,11.1221,NA
10-Aug-11,13.9872,11.8581,10.4438,12.8075,12.5128,9.7028,12.1266,11.9903,11.1472,NA
11-Aug-11,13.9752,11.85,10.4885,12.8111,12.513,9.7182,12.1293,11.9925,11.1394,NA
12-Aug-11,13.9456,11.8238,10.4014,12.7963,12.4765,9.6293,12.1164,11.966,11.1201,NA
16-Aug-11,13.9414,11.8232,10.3036,12.7909,12.4951,9.5452,12.1108,11.9814,11.1109,NA
17-Aug-11,13.9383,11.8192,10.2925,12.7915,12.4924,9.5482,12.1118,11.9789,11.1113,NA
18-Aug-11,13.9201,11.8007,10.1884,12.7945,12.51,9.4202,12.1145,11.9945,11.0906,NA
22-Aug-11,13.9321,11.8035,9.9467,12.8168,12.5213,9.2303,12.1353,11.9989,11.0841,NA
23-Aug-11,13.9429,11.819,10.0513,12.8244,12.5164,9.3287,12.1406,12.0051,11.0978,NA
24-Aug-11,13.9366,11.8187,10.0355,12.8391,12.5362,9.2899,12.14,12.0236,11.0991,NA
25-Aug-11,13.9298,11.81,9.9313,12.8459,12.5269,9.1951,12.1464,12.0137,11.0912,NA
26-Aug-11,13.8859,11.7713,9.7883,12.828,12.5081,9.0501,12.145,11.9964,11.0611,NA
29-Aug-11,13.9652,11.8081,9.8921,12.8354,12.5119,9.208,12.1509,11.997,11.0944,NA
30-Aug-11,13.9778,11.8288,10.0583,12.8334,12.5063,9.339,12.1493,11.9902,11.1025,NA
2-Sep-11,13.9919,11.8418,10.2099,12.8552,12.4619,9.481,12.1536,11.9607,11.1003,NA
5-Sep-11,14.0172,11.8559,10.2103,12.8692,12.5049,9.4654,12.1668,11.9982,11.1197,NA
6-Sep-11,14.0137,11.8595,10.2417,12.8715,12.4938,9.5106,12.1733,11.9875,11.1232,NA
7-Sep-11,14.0294,11.8661,10.3387,12.8526,12.4999,9.6016,12.1692,11.9923,11.1282,NA
8-Sep-11,14.049,11.8879,10.4107,12.8684,12.5149,9.6592,12.1701,12.007,11.1514,NA
9-Sep-11,14.0217,11.8655,10.3562,12.8705,12.5115,9.5859,12.1715,12.0047,11.1314,NA
12-Sep-11,14.004,11.8518,10.1621,12.8797,12.5325,9.4041,12.1804,12.0227,11.1157,NA
13-Sep-11,13.9938,11.8456,10.0618,12.8877,12.5236,9.3351,12.1804,12.0134,11.1075,NA
14-Sep-11,13.9992,11.8527,10.0978,12.8817,12.5111,9.3778,12.1759,12.0022,11.1176,NA
15-Sep-11,14.0081,11.8661,10.2058,12.8756,12.521,9.4714,12.1784,12.0096,11.1313,NA
16-Sep-11,14.0152,11.8685,10.2733,12.8647,12.5188,9.5228,12.1606,12.0104,11.1373,NA
19-Sep-11,14.0201,11.8723,10.2118,12.8801,12.5399,9.4503,12.1752,12.0282,11.1399,NA
20-Sep-11,14.0416,11.8915,10.2999,12.8838,12.5448,9.5696,12.1788,12.0312,11.1645,NA
21-Sep-11,14.0483,11.8947,10.3871,12.9079,12.5531,9.6271,12.1886,12.0383,11.1671,NA
22-Sep-11,14.0167,11.8666,10.198,12.9116,12.5714,9.4126,12.1947,12.0561,11.1441,NA
23-Sep-11,14.0033,11.8533,9.9654,12.869,12.5837,9.2272,12.187,12.0664,11.1302,NA
26-Sep-11,14.0143,11.8644,9.8774,12.9169,12.5986,9.1479,12.192,12.0818,11.1403,NA
27-Sep-11,14.0413,11.8883,9.9607,12.918,12.5982,9.2555,12.1931,12.0802,11.1624,NA
28-Sep-11,14.014,11.866,10.0541,12.8657,12.5939,9.3097,12.1872,12.0752,11.142,NA
29-Sep-11,13.9829,11.8428,10.1009,12.8849,12.502,9.3719,12.1631,11.9829,11.1003,NA
3-Oct-11,13.9282,11.7945,9.9487,12.8959,12.4599,9.2035,12.1686,11.9477,11.0607,NA
4-Oct-11,13.8918,11.7639,9.7845,12.8646,12.4399,9.0553,12.1451,11.929,11.03,NA
5-Oct-11,13.8333,11.7491,9.6969,12.8696,12.3988,9.9862,12.1573,11.8985,11.0219,NA
7-Oct-11,13.8068,11.7284,9.8204,12.8485,12.2751,9.1303,12.133,11.7856,10.9785,NA
10-Oct-11,13.7893,11.7185,10.0251,12.8092,12.2612,9.3076,12.0997,11.7588,10.9612,NA
11-Oct-11,13.8049,11.7332,10.0754,12.8092,12.2978,9.3311,12.0994,11.7932,10.9739,NA
12-Oct-11,13.8194,11.747,10.2192,12.7861,12.2997,9.4914,12.1143,11.7905,10.9915,NA
13-Oct-11,13.8186,11.7481,10.3326,12.795,12.2893,9.572,12.13,11.784,10.9899,NA
14-Oct-11,13.8193,11.7521,10.3684,12.8241,12.2647,9.62,12.1102,11.7633,10.9863,NA
17-Oct-11,13.8201,11.7556,10.3695,12.8298,12.2794,9.6016,12.1174,11.7716,10.9889,NA
18-Oct-11,13.8145,11.7501,10.297,12.8417,12.2886,9.5271,12.1278,11.7865,10.99,NA
19-Oct-11,13.8413,11.7723,10.3259,12.8527,12.3002,9.5871,12.144,11.795,11.0138,NA
20-Oct-11,13.8369,11.7746,10.3714,12.8794,12.2963,9.6023,12.183,11.7931,11.018,NA
21-Oct-11,13.8248,11.7591,10.2909,12.8671,12.2848,9.5298,12.1565,11.7839,11.0003,NA
24-Oct-11,13.8346,11.7656,10.2775,12.8738,12.282,9.5288,12.163,11.7831,11.0048,NA
25-Oct-11,13.9054,11.8237,10.4257,12.9352,12.3348,9.673,12.2156,11.8421,11.0738,NA
28-Oct-11,13.8942,11.819,10.7241,12.914,12.2795,9.9626,12.1995,11.78,11.0589,NA
31-Oct-11,13.8825,11.8176,10.7891,12.9109,12.2815,9.98,12.1957,11.7748,11.0488,NA
1-Nov-11,13.869,11.8027,10.6759,12.9067,12.2741,9.8686,12.1927,11.7693,11.0375,NA
2-Nov-11,13.8836,11.8153,10.6277,12.9097,12.2952,9.8384,12.1936,11.7925,11.0498,NA
3-Nov-11,13.8958,11.8222,10.6358,12.9238,12.2945,9.8472,12.2075,11.7889,11.0552,NA
4-Nov-11,13.8936,11.8191,10.6672,12.9303,12.2704,9.8789,12.2144,11.7653,11.0507,NA
8-Nov-11,13.8657,11.7859,10.7061,12.9036,12.2284,9.9147,12.2242,11.7221,11.025,NA
9-Nov-11,11.8162,11.7545,10.6289,12.9081,12.1605,9.8301,12.1949,11.664,10.9824,NA
11-Nov-11,13.7896,11.7286,10.5195,12.9134,12.0873,9.7347,12.1995,11.6128,10.9483,NA
14-Nov-11,13.7889,11.7304,10.4387,12.9168,12.0966,9.6635,12.2038,11.6197,10.9466,NA
15-Nov-11,13.7918,11.7371,10.344,12.9477,12.1465,9.5666,12.2123,11.6614,10.9544,NA
16-Nov-11,13.7868,11.7348,10.2441,12.9539,12.1468,9.4647,12.2185,11.6644,10.948,NA
17-Nov-11,13.807,11.7479,10.1102,12.9267,12.2443,9.336,12.2445,11.7395,10.9569,NA
18-Nov-11,13.7991,11.7385,9.9701,12.9347,12.2295,9.2073,12.2496,11.7305,10.9541,NA
21-Nov-11,13.7985,11.7506,9.8285,13.0009,12.2497,9.0715,12.2567,11.7526,10.9664,NA
22-Nov-11,13.8043,11.7566,9.7937,13.0059,12.2239,9.0488,12.2594,11.7347,10.9721,NA
23-Nov-11,13.7921,11.7449,9.6971,13.01,12.2352,8.9527,12.263,11.747,10.9628,NA
24-Nov-11,13.8217,11.7692,9.6972,13.0302,12.2459,8.9607,12.2803,11.7597,10.9934,NA
25-Nov-11,13.8004,11.7478,9.7179,13.0361,12.1945,8.9767,12.2856,11.7083,10.9637,NA
28-Nov-11,13.8433,11.7835,9.8178,13.0422,12.2029,9.0765,12.2913,11.7205,10.9892,NA
29-Nov-11,13.8351,11.7766,9.841,13.0438,12.2082,9.0881,12.2927,11.7225,10.9843,NA
30-Nov-11,13.8939,11.8267,9.819,13.065,12.3112,9.0704,12.3111,11.811,11.0251,NA
1-Dec-11,13.9673,11.893,10.0046,13.0793,12.4158,9.2469,12.3244,11.8707,11.1394,NA
2-Dec-11,14.0115,11.9249,10.2252,13.032,12.4766,9.4512,12.3405,11.9295,11.1626,NA
5-Dec-11,14.0903,12.0119,10.2289,13.1588,12.5404,9.4509,12.4036,11.9985,11.2245,NA
7-Dec-11,14.1142,12.031,10.267,13.169,12.5781,9.4867,12.4043,12.043,11.2379,NA
8-Dec-11,14.1122,12.0109,10.0817,13.142,12.6134,9.3048,12.4428,12.0843,11.2307,NA
9-Dec-11,14.1042,12.0096,9.9739,13.1565,12.6184,9.2051,12.4546,12.098,11.2334,NA
12-Dec-11,14.1287,12.051,9.7631,13.2503,12.6785,9.0097,12.4777,12.1493,11.2678,NA
13-Dec-11,14.1585,12.0729,9.7629,13.2664,12.7111,9.0117,12.4909,12.1832,11.2947,NA
14-Dec-11,14.1263,12.0461,9.7933,13.2665,12.6615,9.0391,12.4913,12.1388,11.266,NA
15-Dec-11,14.1301,12.0475,9.7455,13.2693,12.6636,8.9961,12.4941,12.1403,11.2661,NA
16-Dec-11,14.1778,12.0923,9.5875,13.3121,12.7736,8.8489,12.531,12.2273,11.3145,NA
19-Dec-11,14.2031,12.1142,9.5149,13.3473,12.8293,8.7835,12.5639,12.2763,11.3323,NA
20-Dec-11,14.1902,12.104,9.3021,13.331,12.8603,8.5858,12.5561,12.3112,11.3356,NA
21-Dec-11,14.2046,12.1148,9.5176,13.3148,12.838,8.7884,12.5447,12.3037,11.343,NA
22-Dec-11,14.2005,12.1093,9.6207,13.2888,12.8394,8.882,12.5123,12.3028,11.3349,NA
23-Dec-11,14.1789,12.0887,9.6268,13.2854,12.7931,8.8869,12.5105,12.2609,11.3213,NA
26-Dec-11,14.1742,12.0884,9.721,13.2827,12.7629,8.9756,12.5092,12.2549,11.3163,NA
27-Dec-11,14.142,12.0587,9.6771,13.2614,12.7284,8.9329,12.4982,12.2007,11.2867,NA
28-Dec-11,14.1484,12.0636,9.6152,13.2744,12.7424,8.8754,12.5019,12.2142,11.2937,NA
29-Dec-11,14.1042,12.0169,9.5077,13.2125,12.7328,8.776,12.5257,12.1888,11.26,NA
30-Dec-11,14.0792,11.9987,9.4168,13.2103,12.7055,8.6925,12.5081,12.1396,11.2465,NA
2-Jan-12,14.1746,12.0926,9.4404,13.3197,12.8032,8.7148,12.5437,12.2455,11.3265,NA
3-Jan-12,14.2509,12.1619,9.6728,13.3463,12.8868,8.929,12.5811,12.3225,11.4071,NA
4-Jan-12,14.252,12.1596,9.682,13.3431,12.8755,8.9353,12.5723,12.3247,11.405,NA
5-Jan-12,142742,12.1789,9.6774,13.3617,12.9099,8.9314,12.5948,12.3565,11.4264,NA
6-Jan-12,14.3078,12.2097,9.7006,13.3774,12.9891,8.953,12.608,12.4254,11.4571,NA
9-Jan-12,14.3509,12.245,9.6638,13.4266,13.0279,8.9184,12.646,12.4671,11.498,NA
10-Jan-12,14.3696,12.2629,9.8541,13.4194,13.0264,9.0971,12.6445,12.4628,11.5134,NA
11-Jan-12,14.3684,12.2606,9.8437,13.4103,13.019,9.086,12.6208,12.4514,11.5083,NA
12-Jan-12,14.3549,12.2309,9.8086,13.3467,13.0088,9.0533,12.6331,12.4458,11.4938,NA
13-Jan-12,14.3956,12.279,9.8674,13.4104,13.0492,9.1082,12.6218,12.4777,11.5236,NA
16-Jan-12,14.3916,12.2526,9.881,13.3429,13.037,9.1204,12.6275,12.4785,11.5183,NA
17-Jan-12,14.4453,12.3141,10.02,13.4241,13.0653,9.2487,12.6321,12.4833,11.5612,NA
18-Jan-12,14.4559,12.3184,10.0247,13.4402,13.0791,9.2517,12.6467,12.5005,11.5652,NA
19-Jan-12,14.4873,12.3479,10.1193,13.4563,13.0927,9.3398,12.6573,12.5076,11.6019,NA
20-Jan-12,14.5118,12.3685,10.1713,13.4681,13.1002,9.3875,12.6703,12.5229,11.6162,NA
23-Jan-12,14.5164,12.373,10.2533,13.4725,13.1055,9.4636,12.6736,12.5254,11.6281,NA
24-Jan-12,14.4757,12.3423,10.3433,13.4441,13.0109,9.5476,12.6471,12.4498,11.5891,NA
25-Jan-12,14.489,12.3503,10.4308,13.4516,12.9934,9.6284,12.6555,12.4388,11.5965,NA
27-Jan-12,14.4975,12.3585,10.4966,13.4572,12.9793,9.6894,12.661,12.4205,11.6087,NA
30-Jan-12,14.4872,12.3522,10.4307,13.4673,13.0142,9.6275,12.6716,12.4521,11.6051,NA
31-Jan-12,14.5228,12.3822,10.4977,13.4723,13.0351,9.6911,12.6764,12.4621,11.6312,NA
1-Feb-12,14.5998,12.4295,10.5911,13.5193,13.1382,9.77,12.7181,12.5451,11.6974,NA
2-Feb-12,14.6048,12.4221,10.629,13.455,13.1516,9.8029,12.7353,12.5616,11.6982,NA
3-Feb-12,14.6205,12.4472,10.7554,13.5278,13.122,9.9223,12.7401,12.5424,11.7101,NA
6-Feb-12,14.6352,12.4616,10.7994,13.5403,13.1123,9.9606,12.7517,12.5372,11.7181,NA
7-Feb-12,14.6223,12.4589,10.7842,13.5377,13.1217,9.9433,12.7492,12.5442,11.7045,NA
8-Feb-12,14.6222,12.4571,10.8333,13.5507,13.099,9.9922,12.7507,12.5258,11.7136,NA
9-Feb-12,14.6211,12.4588,10.9169,13.5525,13.0868,10.0699,12.7527,12.5174,11.7157,NA
10-Feb-12,14.637,12.4721,10.8623,13.5565,13.1359,10.0142,12.7682,12.5427,11.7293,NA
13-Feb-12,14.6378,12.4742,10.8833,13.5677,13.1242,10.037,12.7792,12.5387,11.729,NA
14-Feb-12,14.6577,12.4887,10.9636,13.5731,13.1327,10.1133,12.7844,12.5496,11.7444,NA
15-Feb-12,14.6942,12.5208,11.1591,13.5758,13.1333,10.2984,12.7865,12.559,11.7754,NA
17-Feb-12,14.7137,12.5346,11.2479,13.5783,13.1404,10.3757,12.79,12.5617,11.7845,NA
21-Feb-12,14.7255,12.546,11.3401,13.5888,13.1418,10.4611,12.8005,12.5623,11.7869,NA
22-Feb-12,14.685,12.5095,11.1603,13.5905,13.1208,10.2865,12.8016,12.5499,11.7567,NA
23-Feb-12,14.6893,12.511,11.1177,13.6237,13.1313,10.2529,12.8518,12.5599,11.7558,NA
24-Feb-12,14.6927,12.5137,11.1179,13.627,13.1344,10.2531,12.8548,12.5629,11.759,NA
27-Feb-12,14.6514,12.4775,10.7787,13.6269,13.1366,9.9339,12.843,12.5619,11.7303,NA
28-Feb-12,14.6834,12.5022,10.9511,13.6211,13.1441,10.1098,12.8383,12.5719,11.7525,NA
29-Feb-12,14.6951,12.5098,11.0088,13.6289,13.1457,10.1583,12.8532,12.5741,11.7559,NA
1-Mar-12,14.6762,12.4896,10.901,13.6063,13.1418,10.0546,12.8271,12.5684,11.7402,NA
2-Mar-12,14.6853,12.4942,10.9034,13.6033,13.145,10.06,12.8271,12.5757,11.7419,NA
5-Mar-12,14.6725,12.4849,10.7887,13.6154,131530,9.9491,12.8416,12.5765,11.7304,NA
6-Mar-12,14.6547,12.4761,10.6592,13.6352,13.1571,9.8306,12.8698,12.5772,11.7218,NA
8-Mar-12,14.6407,12.4646,10.6589,13.6125,13.1581,9.8345,12.8463,12.5794,11.7098,NA
9-Mar-12,14.6553,12.4769,10.876,13.59,13.1337,10.0422,12.826,12.5618,11.7132,NA
12-Mar-12,14.6763,12.4944,10.9283,13.5938,13.1543,10.0847,12.8288,12.5832,11.7322,NA
13-Mar-12,14.6902,12.5013,11.0755,13.5972,13.1439,10.223,12.8345,12.5736,11.7415,NA
14-Mar-12,14.7212,12.5285,11.1362,13.6043,13.1693,10.2766,12.8377,12.5898,11.772,NA
15-Mar-12,14.6737,12.4856,10.9984,13.5857,13.1363,10.1423,12.8206,12.5602,11.7267,NA
16-Mar-12,14.6189,12.4467,10.8463,13.5741,13.0889,10.0023,12.8095,12.5259,11.6901,NA
19-Mar-12,14.6147,12.4429,10.7363,13.5842,13.1028,9.9016,12.8191,12.5378,11.6865,NA
20-Mar-12,14.6124,12.4689,10.7582,13.5909,13.1098,9.9268,12.8662,12.5585,11.6932,NA
21-Mar-12,14.6284,12.4814,10.9445,13.5317,13.123,10.1036,12.8523,12.5656,11.705,NA
22-Mar-12,14.6283,12.4959,10.683,13.6612,13.1403,9.847,12.9259,12.5744,11.6998,NA
26-Mar-12,14.6053,12.4679,10.6306,13.612,13.118,9.8019,12.9668,12.5594,11.6976,NA
27-Mar-12,14.6101,12.4757,10.6678,13.7257,13.0975,9.848,12.8844,12.5221,11.6824,NA
28-Mar-12,14.543,12.4176,10.63,13.6826,13.0402,9.8088,12.8846,12.4677,11.6456,NA
29-Mar-12,14.5367,12.4087,10.6244,13.6925,13.0306,9.8046,12.8983,12.457,11.657,NA
30-Mar-12,14.6091,12.4795,10.8268,13.7568,13.025,9.9957,12.9533,12.4419,11.6861,NA
2-Apr-12,14.6248,12.4935,10.8454,13.7667,13.0339,10.0093,12.9627,12.4506,11.6973,NA
3-Apr-12,14.5158,12.3878,10.9312,13.7023,12.8581,10.0894,12.934,12.282,11.6116,NA
4-Apr-12,14.5293,12.4064,10.8476,13.7448,12.8773,10.0093,12.9397,12.2843,11.6189,NA
9-Apr-12,14.5609,12.4357,10.7314,13.7797,12.9417,9.9013,12.9704,12.3785,11.6454,NA
10-Apr-12,14.5864,12.4542,10.7455,13.7991,12.9837,9.9175,12.9925,12.4127,11.6614,NA
11-Apr-12,14.5907,12.446,10.7247,13.7719,13.008,9.8977,13.002,12.4434,11.6667,NA
12-Apr-12,14.6627,12.5156,10.8176,13.8177,13.0865,9.9853,13.0294,12.5131,11.6997,NA
13-Apr-12,14.6783,12.5229,10.6388,13.8723,13.077,9.8164,13.0551,12.5014,11.727,NA
16-Apr-12,14.6916,12.5354,10.6894,13.831,13.0988,9.8661,13.043,12.516,11.7391,NA
17-Apr-12,14.7801,12.6104,10.8212,13.9403,13.176,9.9892,13.1026,12.5916,11.8521,NA
18-Apr-12,14.7879,12.6034,10.8008,13.9028,13.1887,9.9678,13.124,12.6004,11.8109,NA
19-Apr-12,14.7744,12.6006,10.8656,13.942,13.1607,10.0282,13.0611,12.5769,11.8462,NA
20-Apr-12,14.7312,12.5669,10.7758,13.9262,13.085,9.9431,13.0984,12.508,11.8057,NA
23-Apr-12,14.7102,12.5499,10.6158,13.9517,13.0912,9.795,13.1122,12.5111,11.7929,NA
24-Apr-12,14.7048,12.5496,10.6714,13.9439,13.0953,9.8511,13.1043,12.5163,11.7877,NA
25-Apr-12,14.6713,12.5162,10.6173,13.918,13.0646,9.7989,13.083,12.487,11.7638,NA
26-Apr-12,14.6615,12.5107,10.6496,13.9134,13.0672,9.8298,13.0762,12.4843,11.7542,NA
27-Apr-12,14.6407,12.4842,10.6007,13.8847,13.0375,9.7843,13.0881,12.4613,11.7473,NA
30-Apr-12,14.6706,12.5201,10.6642,13.9293,13.0358,9.8505,13.0969,12.4589,11.7631,NA
2-May-12,14.6648,12.5158,10.6801,13.9282,13.043,9.8649,13.101,12.4592,11.7574,NA
3-May-12,14.6586,12.5069,10.596,13.9461,13.0517,9.7796,13.1164,12.464,11.7578,NA
4-May-12,14.6037,12.4516,10.4045,13.9105,13.0299,9.5905,13.1274,12.4438,11.7337,NA
7-May-12,14.6352,12.4808,10.4803,13.9306,13.0548,9.6648,13.1412,12.4574,11.751,NA
8-May-12,14.6702,12.5106,10.2892,13.9686,13.1144,9.4801,13.1437,12.5199,11.7837,NA
9-May-12,14.6527,12.4955,10.2041,13.9846,13.1046,9.4016,13.1486,12.5029,11.7707,NA
10-May-12,14.6347,12.4826,10.1859,13.9546,13.0948,9.3852,13.1374,12.464,11.7619,NA
11-May-12,14.605,12.4571,10.1624,13.9113,13.0914,9.3634,13.125,12.4607,11.7446,NA
14-May-12,14.6443,12.4919,9.9551,13.9858,13.1213,9.1719,13.1485,12.4833,11.7675,NA
15-May-12,14.6566,12.4997,10.0851,13.9683,13.1393,9.2922,13.161,12.5064,11.7857,NA
16-May-12,14.6555,12.5048,9.9876,13.9982,13.1434,9.2015,13.1555,12.5153,11.7971,NA
17-May-12,14.66,12.5034,9.9878,13.9998,13.1527,9.2031,13.1707,12.5282,11.8038,NA
18-May-12,14.6643,12.5056,10.0097,14.0081,13.1641,9.2232,13.1735,12.5303,11.8055,NA
21-May-12,14.6852,12.5225,10.0409,14.0173,13.1695,9.2519,13.1825,12.5337,11.8171,NA
22-May-12,14.6645,12.516,9.961,13.9826,13.1816,9.1755,13.1709,12.5495,11.8147,NA
23-May-12,14.6737,12.5242,9.9334,14.0163,13.193,9.1501,13.1717,12.5595,11.8204,NA
24-May-12,14.6993,12.5468,10.0851,14.0184,13.2034,9.2937,13.1786,12.5683,11.8324,NA
25-May-12,14.694,12.548,10.1464,13.9779,13.2005,9.3498,13.1531,12.5595,11.8306,NA
28-May-12,14.7377,12.5854,10.1548,14.0307,13.2224,9.3573,13.1749,12.5806,11.8564,NA
29-May-12,14.7429,12.5906,10.2369,14.0345,13.2199,9.4347,13.1782,12.5835,11.8623,NA
30-May-12,14.7515,12.5973,10.1061,14.0335,13.2441,9.311,13.1769,12.6171,11.8734,NA
31-May-12,14.8056,12.649,10.1529,14.0625,13.338,9.3551,13.207,12.725,11.9336,NA
1-Jun-12,14.7899,12.6359,9.9875,14.0384,13.3565,9.2009,13.2193,12.7384,11.9325,NA
4-Jun-12,14.8493,12.7016,9.9878,14.0874,13.4071,9.2018,13.2241,12.786,11.9757,NA
5-Jun-12,14.8966,12.7363,10.0105,14.0934,13.447,9.2227,13.2275,12.84,12.0053,NA
6-Jun-12,14.9342,12.7576,10.281,14.1103,13.4455,9.4717,13.2502,12.8485,12.0237,NA
7-Jun-12,14.9598,12.7829,10.3444,14.1199,13.4666,9.5288,13.2595,12.8668,12.0442,NA
8-Jun-12,14.9704,12.801,10.3807,14.1108,13.46,9.5614,13.2621,12.8519,12.057,NA
11-Jun-12,14.9859,12.8085,10.3809,14.1501,13.4752,9.5617,13.2809,12.8656,12.068,NA
12-Jun-12,15.0385,12.8567,10.4778,14.1636,13.529,9.6517,13.293,12.9163,12.1072,NA
13-Jun-12,15.0274,12.8338,10.4849,14.1288,13.534,9.6576,13.2562,12.934,12.1128,NA
14-Jun-12,14.9797,12.8028,10.3893,14.097,13.5093,9.569,13.2848,12.9044,12.0842,NA
15-Jun-12,15.0184,12.8387,10.5385,14.1666,13.4991,9.7078,13.2966,12.8871,12.0938,NA
18-Jun-12,14.9342,12.7592,10.3836,14.099,13.4308,9.5637,13.2703,12.816,12.023,NA
19-Jun-12,14.9616,12.7893,10.4821,14.1269,13.4398,9.6562,13.2768,12.824,12.0527,NA
20-Jun-12,14.9657,12.7783,10.5307,14.1229,13.4393,9.701,13.2786,12.8276,12.0474,NA
21-Jun-12,15.0212,12.8331,10.5961,14.1448,13.4932,9.7618,13.2835,12.8874,12.0802,NA
22-Jun-12,15.003,12.8184,10.5493,14.0885,13.5067,9.7177,13.2864,12.909,12.1027,NA
25-Jun-12,15.0331,12.8529,10.5083,14.1826,13.5196,9.6793,13.3231,12.9175,12.1227,NA
26-Jun-12,15.0358,12.851,10.4972,14.1808,13.5263,9.6693,13.321,12.92,12.1229,NA
27-Jun-12,15.0179,12.8292,10.5677,14.1408,13.5182,9.7346,13.3171,12.911,12.1165,NA
28-Jun-12,15.0338,12.8381,10.5735,14.1606,13.5181,9.7401,13.3176,12.9073,12.1087,NA
29-Jun-12,15.0588,12.8612,10.846,14.1585,13.5035,10.0034,13.2809,12.8998,12.1305,NA
2-Jul-12,15.0755,12.878,10.8254,14.1751,13.4942,9.9839,13.3291,12.8916,12.1389,NA
3-Jul-12,15.0933,12.8977,10.8145,14.18,13.5152,9.9735,13.3338,12.9144,12.1573,NA
4-Jul-12,15.1195,12.9223,10.8587,14.1948,13.5432,10.0144,13.3405,12.9401,12.1799,NA
5-Jul-12,15.1184,12.9131,10.8981,14.1961,13.5324,10.0507,13.3559,12.9305,12.1708,NA
6-Jul-12,15.1313,12.9344,10.8637,14.2044,13.5484,10.0188,13.35,12.9501,12.1923,NA
9-Jul-12,15.1367,12.9396,10.7579,14.2087,13.5716,9.9211,13.3589,12.9782,12.1983,NA
10-Jul-12,15.1524,12.955,10.8773,14.2131,13.5713,10.0317,13.3623,12.9753,12.2079,NA
11-Jul-12,15.1371,12.9388,10.807,14.1858,13.5865,9.9664,13.3656,12.9887,12.2085,NA
12-Jul-12,15.1596,12.9572,10.6995,14.2133,13.6086,9.8673,13.3765,13.0055,12.2206,NA
13-Jul-12,15.1575,12.9555,10.6613,14.2301,13.6095,9.8324,13.3782,13.0094,12.2182,NA
16-Jul-12,15.2008,12.9926,10.6817,14.2647,13.6586,9.8512,13.4112,13.0549,12.2553,NA
17-Jul-12,15.1795,12.9707,10.619,14.2521,13.6503,9.7937,13.3552,13.0511,12.2435,NA
18-Jul-12,15.2073,12.9962,10.7264,14.2618,13.6667,9.893,13.4448,13.0662,12.2744,NA
19-Jul-12,15.2243,13.0172,10.7843,14.2935,13.6644,9.9464,13.4464,13.0693,12.2777,NA
20-Jul-12,15.2281,13.022,10.7126,14.3047,13.6747,9.8794,13.4497,13.0775,12.2803,NA
23-Jul-12,15.2339,13.0309,10.5279,14.3237,13.7094,9.7083,13.4676,13.1113,12.2912,NA
24-Jul-12,15.2358,13.0319,10.5471,14.3324,13.6992,9.7265,13.4749,13.1011,12.2945,NA
25-Jul-12,15.2211,13.0189,10.5505,14.3354,13.6824,9.7296,13.4833,13.0829,12.281,NA
26-Jul-12,15.2086,13.0166,10.4122,14.3525,13.6881,9.6045,13.4925,13.0898,12.2811,NA
27-Jul-12,15.1968,13.0049,10.4691,14.3259,13.6892,9.6587,13.4933,13.0923,12.2819,NA
30-Jul-12,15.231,13.0219,10.64,14.3523,13.6803,9.8262,13.4957,13.0819,12.2843,NA
31-Jul-12,15.1869,12.9896,10.716,14.369,13.6006,9.8987,13.4815,12.9929,12.2503,NA
1-Aug-12,15.1983,12.9967,10.7182,14.3661,13.6048,9.8981,13.4861,13.0012,12.2547,NA
2-Aug-12,15.211,13.0107,10.7169,14.3939,13.6161,9.9002,13.5052,13.0106,12.2684,NA
3-Aug-12,15.2034,13.0029,10.6951,14.4192,13.6132,9.8802,13.507,13.0046,12.2622,NA
6-Aug-12,15.2315,13.0315,10.7846,14.3847,13.6332,9.9571,13.5175,13.0186,12.2815,NA
7-Aug-12,15.2684,13.0513,10.873,14.437,13.6722,10.0354,13.5401,13.0571,12.302,NA
8-Aug-12,15.2637,13.055,10.8915,14.402,13.6834,10.0544,13.55,13.0697,12.3143,NA
9-Aug-12,15.2807,13.0757,10.8726,14.4495,13.6813,10.0382,13.5512,13.0663,12.3249,NA
10-Aug-12,15.2717,13.0673,10.8604,14.4416,13.6719,10.026,13.546,13.0598,12.3161,NA
13-Aug-12,15.2559,13.0499,10.9255,14.4114,13.6632,10.0881,13.5445,13.0509,12.3111,NA
14-Aug-12,15.2838,13.0769,10.9918,14.4367,13.6644,10.1497,13.552,13.0563,12.3189,NA
16-Aug-12,15.2574,13.0553,10.9631,14.4332,13.6514,10.1237,13.5545,13.0456,12.3105,NA
17-Aug-12,15.2834,13.0817,10.9358,14.4461,13.6628,10.0941,13.562,13.0579,12.3196,NA
21-Aug-12,15.2969,13.0906,11.0525,14.4884,13.6704,10.2029,13.5192,13.0634,12.336,NA
22-Aug-12,15.3134,13.1042,11.0439,14.4685,13.6834,10.1957,13.5789,13.0757,12.3427,NA
23-Aug-12,15.3099,13.101,11.0622,14.4573,13.6818,10.214,13.5723,13.075,12.3396,NA
24-Aug-12,15.3171,13.1109,10.994,14.5145,13.6919,10.1507,13.59,13.0872,12.3541,NA
27-Aug-12,15.3048,13.0981,10.9373,14.4815,13.7142,10.1032,13.5952,13.1106,12.3499,NA
28-Aug-12,15.3315,13.1219,10.9019,14.5561,13.7253,10.063,13.6055,13.1158,12.3589,NA
29-Aug-12,15.3237,13.1177,10.8123,14.5703,13.7262,9.9771,13.6098,13.1165,12.3617,NA
30-Aug-12,15.3109,13.1013,10.8654,14.546,13.7206,10.0176,13.5489,13.1136,12.3472,NA
31-Aug-12,15.3003,13.0983,10.7486,14.5721,13.7059,9.9153,13.6132,13.0982,12.3424,NA
3-Sep-12,15.3201,13.1136,10.7309,14.571,13.7265,9.8925,13.6204,13.1185,12.3507,NA
4-Sep-12,15.3276,13.1153,10.7846,14.588,13.7332,9.9441,13.61,13.1214,12.3705,NA
5-Sep-12,15.3017,13.0865,10.699,14.4997,13.7532,9.8747,13.625,13.1387,12.3429,NA
6-Sep-12,15.3418,13.1295,10.7233,14.5713,13.7688,9.892,13.6847,13.1539,12.3905,NA
9-Sep-12,15.3829,13.1631,10.9725,14.6048,13.7581,10.1346,13.6926,13.1468,12.4048,NA
10-Sep-12,15.4013,13.1771,11.0005,14.6286,13.7726,10.1536,13.6947,13.1577,12.4172,NA
11-Sep-12,15.4127,13.1884,11.0182,14.6491,13.7786,10.1578,13.7178,13.1688,12.4305,NA
12-Sep-12,15.4041,13.1822,11.104,14.5556,13.7664,10.2366,13.6952,13.158,12.422,NA
13-Sep-12,15.4304,13.2066,11.1035,14.6356,13.7882,10.2356,13.7105,13.1749,12.4316,NA
14-Sep-12,15.4575,13.2157,11.4088,14.6245,13.7904,10.5133,13.6925,13.178,12.4327,NA
17-Sep-12,15.5014,13.2774,11.4981,14.7675,13.8004,10.6094,13.768,13.1913,12.4939,NA
18-Sep-12,15.4998,13.2746,11.4485,14.7349,13.8185,10.5557,13.7874,13.1981,12.5061,NA
19-Sep-12,15.5032,13.2774,11.4485,14.7386,13.8217,10.5557,13.7905,13.2011,12.5088,NA
20-Sep-12,15.525,13.3003,11.3567,14.7946,13.832,10.474,13.7961,13.2131,12.5163,NA
21-Sep-12,15.561,13.3356,11.6385,14.7733,13.8271,10.7281,13.8078,13.2135,12.5318,NA
24-Sep-12,15.5874,13.3608,11.5947,14.8572,13.845,10.689,13.8365,13.23,12.5629,NA
25-Sep-12,15.5873,13.3615,11.6054,14.8818,13.8325,10.6994,13.8625,13.2182,12.5629,NA
26-Sep-12,15.5873,13.3601,11.5952,14.8877,13.8328,10.6947,13.861,13.2133,12.5582,NA
27-Sep-12,15.5944,13.3621,11.5622,14.8726,13.8442,10.6605,13.8693,13.2242,12.5576,NA
28-Sep-12,15.6573,13.4187,11.6573,14.9004,13.908,10.7424,13.887,13.2974,12.6079,NA
1-Oct-12,15.6538,13.3662,11.7005,14.9364,13.9351,10.7875,13.8958,13.321,12.6162,NA
3-Oct-12,15.6628,13.3666,11.7439,14.9289,13.9597,10.8349,13.9121,13.3464,12.6359,NA
4-Oct-12,15.6911,13.3867,11.8476,14.9315,13.9724,10.9248,13.9187,13.3639,12.6501,NA
5-Oct-12,15.6856,13.3836,11.7556,14.9381,13.9648,10.8656,13.9193,13.354,12.6518,NA
8-Oct-12,15.7082,13.4104,11.6215,14.9707,13.9868,10.7167,13.9355,13.3733,12.6652,NA
9-Oct-12,15.6948,13.3941,11.6641,14.9323,13.9967,10.7484,13.8753,13.3808,12.6614,NA
10-Oct-12,15.7035,13.4027,11.5647,14.981,13.9895,10.6601,13.9227,13.3767,12.6482,NA
11-Oct-12,15.7189,13.4114,11.7534,14.9842,13.9874,10.8682,13.9258,13.3746,12.6551,NA
12-Oct-12,15.7041,13.4031,11.6566,14.9673,13.9988,10.7681,13.9593,13.3842,12.6617,NA
15-Oct-12,15.7484,13.4457,11.6655,14.9999,14.0153,10.7716,13.9755,13.3984,12.689,NA
16-Oct-12,15.753,13.4459,11.5618,15.0051,14.0429,10.6656,13.9647,13.4214,12.6801,NA
17-Oct-12,15.7548,13.4562,11.5785,15.0055,14.0627,10.6775,14.0047,13.443,12.7075,NA
18-Oct-12,15.8071,13.5076,11.6993,15.023,14.089,10.7902,14.0128,13.4681,12.7466,NA
19-Oct-12,15.8018,13.5021,11.6249,15.0334,14.1047,10.7214,14.0127,13.4798,12.7345,NA
22-Oct-12,15.8008,13.502,11.6996,15.0159,14.1063,10.7904,14.0152,13.48,12.7441,NA
23-Oct-12,15.8075,13.508,11.6485,15.0308,14.1029,10.7448,14.0071,13.4767,12.742,NA
25-Oct-12,15.8091,13.4983,11.6863,15.0179,14.1183,10.7827,13.9836,13.49,12.7279,NA
29-Oct-12,15.8188,13.5167,11.6133,15.0355,14.1222,10.7214,14.0191,13.4922,12.7473,NA
30-Oct-12,15.7876,13.4987,11.4798,15.0386,14.0921,10.6031,14.0178,13.4617,12.7259,NA
31-Oct-12,15.7525,13.4631,11.5066,15.0022,14.0552,10.6184,13.9956,13.4311,12.6994,NA
1-Nov-12,15.772,13.4797,11.5859,14.9931,14.0658,10.7009,13.9862,13.4404,12.7074,NA
2-Nov-12,15.7851,13.4886,11.6864,14.9928,14.068,10.7861,13.9913,13.4395,12.7147,NA
5-Nov-12,15.7851,13.4912,11.6851,15.0162,14.0807,10.7792,14.004,13.4516,12.7253,10.0032
6-Nov-12,15.7921,13.491,11.7287,15.0125,14.1006,10.8205,13.9842,13.4711,12.7189,10.0176
7-Nov-12,15.8092,13.5105,11.7972,15.0204,14.1029,10.8805,14.0124,13.4733,12.7414,10.0387
8-Nov-12,15.8082,13.5072,11.7436,15.0288,14.1075,10.8336,14.024,13.4805,12.7366,10.0599
9-Nov-12,15.7758,13.4827,11.6472,15.0246,14.0989,10.7491,14.0353,13.4694,12.7289,10.0542
12-Nov-12,15.7929,13.5038,11.6642,15.0415,14.1088,10.7692,13.9919,13.4803,12.7404,10.0726
13-Nov-12,15.7964,13.5068,11.6642,15.0453,14.1119,10.7692,13.9952,13.4834,12.7431,10.0746
14-Nov-12,15.7999,13.5097,11.6642,15.049,14.1151,10.7692,13.9984,13.4864,12.7459,10.0766
15-Nov-12,15.8109,13.5179,11.5298,15.0623,14.1305,10.6425,14.056,13.4948,12.7475,10.0808
16-Nov-12,15.8033,13.5135,11.427,15.0571,14.1335,10.5529,14.04,13.4995,12.7466,10.0761
19-Nov-12,15.8166,13.5263,11.4315,15.0763,14.1515,10.5591,14.0583,13.5179,12.7535,10.0815
20-Nov-12,15.817,13.5313,11.4158,15.0652,14.1497,10.541,14.0728,13.5168,12.7582,10.0832
21-Nov-12,15.8252,13.5377,11.4956,15.0865,14.1471,10.6131,14.0782,13.5136,12.7619,10.0833
22-Nov-12,15.8152,13.5192,11.5385,15.0712,14.1334,10.6543,14.0524,13.4986,12.7385,10.0644
23-Nov-12,15.7949,13.506,11.5232,15.0742,14.1077,10.639,14.0677,13.4747,12.7346,10.0517
26-Nov-12,15.8223,13.5321,11.5488,15.0955,14.122,10.6586,14.0835,13.4817,12.7543,10.0705
27-Nov-12,15.8434,13.5455,11.7331,15.1039,14.1348,10.8264,14.0902,13.4944,12.7714,10.0735
28-Nov-12,15.8469,13.5484,11.7331,15.1076,14.138,10.8264,14.0934,13.4975,12.7741,10.0757
29-Nov-12,15.8679,13.5595,11.93,15.1092,14.1301,11,14.086,13.4962,12.7861,10.0814
30-Nov-12,15.9113,13.5998,12.0298,15.1309,14.1665,11.0853,14.1126,13.5312,12.8249,10.1148
3-Dec-12,15.9277,13.6149,12.0232,15.1572,14.1795,11.081,14.1345,13.5432,12.8368,10.129
4-Dec-12,15.9341,13.6136,12.0666,15.1568,14.1903,11.1197,14.1343,13.5525,12.8363,10.1419
5-Dec-12,15.9526,13.6342,12.081,15.1553,14.2129,11.1315,14.138,13.5689,12.85,10.1522
6-Dec-12,15.959,13.6401,12.1451,15.1728,14.217,11.1911,14.1625,13.5763,12.8588,10.1684
7-Dec-12,15.9707,13.6496,12.1402,15.171,14.234,11.1885,14.1466,13.5961,12.8661,10.1714
10-Dec-12,15.9827,13.6622,12.1004,15.1838,14.2436,11.1511,14.158,13.605,12.8789,10.1751
11-Dec-12,15.9693,13.6497,12.0781,15.1703,14.2453,11.1318,14.1584,13.6048,12.8745,10.1738
12-Dec-12,15.9791,13.6582,12.0535,15.1787,14.243,11.1085,14.1548,13.6057,12.873,10.177
13-Dec-12,15.9798,13.6584,11.9803,15.1823,14.2617,11.0399,14.1573,13.6233,12.8745,10.1803
14-Dec-12,15.9911,13.668,12.0444,15.1737,14.2754,11.1001,14.106,13.6381,12.89,10.185
17-Dec-12,16.0007,13.6774,12.0015,15.1792,14.2864,11.0607,14.1718,13.6475,12.8995,10.1886
18-Dec-12,16.0221,13.6938,12.0789,15.1898,14.2808,11.1319,14.1628,13.6432,12.9005,10.1884
19-Dec-12,16.0237,13.6902,12.1445,15.1919,14.2806,11.1913,14.162,13.643,12.903,10.1893
20-Dec-12,16.0293,13.698,12.1193,15.1915,14.2854,11.1694,14.1525,13.6457,12.906,10.1834
21-Dec-12,16.0115,13.6826,11.9807,15.1979,14.2937,11.0441,14.1695,13.6531,12.8919,10.186
24-Dec-12,16.02,13.6904,11.9932,15.2042,14.3084,11.0559,14.1357,13.6665,12.9041,10.201
26-Dec-12,16.062,13.7266,12.0937,15.2164,14.3268,11.1495,14.1885,13.6858,12.9308,10.216
27-Dec-12,16.0677,13.7323,12.0396,15.2221,14.3435,11.1078,14.1819,13.7029,12.9411,10.2196
28-Dec-12,16.0863,13.7509,12.1017,15.2354,14.3613,11.1529,14.2038,13.7252,12.9581,10.24
31-Dec-12,16.1298,13.7886,12.0992,15.2618,14.41,11.1534,14.2276,13.7693,12.991,10.2669
1-Jan-13,16.1982,13.8494,12.2145,15.2967,14.4939,11.2345,14.2548,13.8583,13.0524,10.3321
2-Jan-13,16.231,13.8751,12.28,15.3059,14.5045,11.314,14.2643,13.8719,13.0753,10.3426
3-Jan-13,16.2501,13.8987,12.3098,15.3132,14.5448,11.3442,14.275,13.9142,13.1028,10.368
4-Jan-13,16.2975,13.937,12.3252,15.3585,14.5734,11.3564,14.3062,13.941,13.1311,10.399
7-Jan-13,16.3317,13.9729,12.2714,15.3721,14.6223,11.3045,14.3074,13.9955,13.1629,10.4317
8-Jan-13,16.3261,13.9703,12.2963,15.3708,14.6325,11.3301,14.3345,14.001,13.166,10.4394
9-Jan-13,16.3226,13.96,12.2365,15.3792,14.6429,11.2731,14.3392,14.0136,13.1618,10.4418
10-Jan-13,16.3498,13.9803,12.228,15.4006,14.6773,11.2678,14.3544,14.0497,13.1784,10.4561
11-Jan-13,16.3935,14.0248,12.1965,15.4453,14.7064,11.235,14.3808,14.0805,13.2072,10.4726
12-Jan-13,16.397,14.0278,12.1965,15.4491,14.7097,11.235,14.3841,14.0836,13.21,10.4736
14-Jan-13,16.4607,14.0886,12.3445,15.4854,14.7963,11.3722,14.426,14.1678,13.2774,10.5227
15-Jan-13,16.4562,14.0853,12.4059,15.4649,14.7867,11.4333,14.399,14.1586,13.2751,10.5167
16-Jan-13,16.4067,14.0415,12.3072,15.4655,14.7231,11.3335,14.4188,14.0937,13.2342,10.4804
17-Jan-13,16.4163,14.0496,12.3699,15.437,14.7413,11.4009,14.4156,14.1124,13.2434,10.4965
18-Jan-13,16.4129,14.0376,12.4209,15.4622,14.7347,11.4461,14.4143,14.1081,13.2378,10.493
19-Jan-13,16.4165,14.0406,12.4209,15.466,14.7379,11.4461,14.4177,14.1112,13.2406,10.495
21-Jan-13,16.4422,14.0628,12.4672,15.4796,14.7319,11.479,14.428,14.1039,13.2535,10.4949
22-Jan-13,16.4343,14.0574,12.3889,15.4875,14.7263,11.4148,14.4367,14.0992,13.2499,10.4963
23-Jan-13,16.4205,14.0425,12.4066,15.4807,14.7077,11.4258,14.4113,14.0795,13.2356,10.4798
24-Jan-13,16.419,14.0448,12.3424,15.4914,14.7035,11.3727,14.4392,14.0736,13.2399,10.477
28-Jan-13,16.4501,14.0674,12.4544,15.4919,14.7339,11.4774,14.4396,14.1011,13.2597,10.4939
29-Jan-13,16.4562,14.0758,12.3983,15.512,14.7432,11.4316,14.4559,14.1146,13.2649,10.501
30-Jan-13,16.4115,14.0364,12.409,15.4766,14.7098,11.4491,14.43,14.0813,13.2343,10.4853
31-Jan-13,16.4044,14.0303,12.3591,15.4544,14.6928,11.403,14.4239,14.0655,13.2278,10.4588
1-Feb-13,16.39,14.0195,12.3073,15.4494,14.6971,11.3471,14.4076,14.0704,13.2183,10.4579
2-Feb-13,16.3935,14.0225,12.3073,15.4532,14.7004,11.3471,14.411,14.0734,13.2212,10.4602
4-Feb-13,16.374,14.0064,12.2797,15.4467,14.6785,11.3295,14.4049,14.0571,13.2105,10.4376
5-Feb-13,16.3726,14.0012,12.2336,15.449,14.6802,11.2859,14.4076,14.0555,13.2075,10.4381
6-Feb-13,16.3785,14.0073,12.2311,15.4624,14.6984,11.2898,14.4186,14.0693,13.2136,10.4489
7-Feb-13,16.4077,14.0336,12.1961,15.5009,14.7369,11.2549,14.4323,14.1112,13.2305,10.4764
8-Feb-13,16.4332,14.0684,12.1267,15.5135,14.7717,11.1815,14.4644,14.145,13.2626,10.5032
9-Feb-13,16.4368,14.0714,12.1267,15.5174,14.775,11.1815,14.4677,14.1481,13.2655,10.5054
11-Feb-13,16.436,14.0717,12.124,15.5212,14.7703,11.1795,14.4717,14.1428,13.2683,10.5067
12-Feb-13,16.4376,14.0686,12.1977,15.5238,14.7595,11.2399,14.469,14.131,13.2653,10.5014
13-Feb-13,16.4467,14.0794,12.2287,15.5244,14.7881,11.2695,14.4831,14.1568,13.227,10.5147
14-Feb-13,16.4499,14.091,12.1523,15.5092,14.8085,11.1988,14.4192,14.1755,13.2837,10.5185
15-Feb-13,16.4721,14.0866,12.1204,15.505,14.8096,11.1724,14.416,14.1783,13.2824,10.512
16-Feb-13,16.4757,14.1064,12.1204,15.5088,14.8128,11.1724,14.4194,14.1813,13.2911,10.5142
18-Feb-13,16.4799,14.1071,12.1298,15.5071,14.8153,11.1829,14.4149,14.1856,13.2874,10.5176
20-Feb-13,16.5037,14.1266,12.2282,15.5221,14.8411,11.276,14.4356,14.2095,13.3095,10.5339
21-Feb-13,16.4796,14.1066,12.0625,15.5179,14.8334,11.1167,14.4314,14.2022,13.2906,10.515
22-Feb-13,16.4925,14.1182,12.0593,15.5149,14.8472,11.1144,14.424,14.2153,13.3002,10.5238
23-Feb-13,16.496,14.1263,12.0593,15.526,14.8504,11.1144,14.4434,14.2185,13.3093,10.526
25-Feb-13,16.4921,14.121,12.0648,15.5234,14.8569,11.1146,14.4436,14.2247,13.3074,10.5267
26-Feb-13,16.4635,14.1003,11.8652,15.5171,14.839,10.9368,14.4419,14.2076,13.2842,10.4992
27-Feb-13,16.4747,14.1094,11.9383,15.5189,14.8439,11.0052,14.442,14.2118,13.2926,10.5084
28-Feb-13,16.4132,14.0587,11.7357,15.5054,14.7887,10.8176,14.4321,14.1541,13.2487,10.4621
1-Mar-13,16.4034,14.0429,11.8261,15.5076,14.764,10.8899,14.4156,14.1206,13.2281,10.4493
2-Mar-13,16.407,14.046,11.8261,15.5115,14.7673,10.8899,14.4191,14.1237,13.231,10.4515
4-Mar-13,16.4151,14.0561,11.7971,15.515,14.7847,10.8603,14.4354,14.1427,13.2463,10.4593
5-Mar-13,16.4434,14.0787,11.9628,15.5205,14.7947,11.0164,14.4403,14.1578,13.2664,10.4727
6-Mar-13,16.466,14.0985,12.0096,15.5491,14.8091,11.06,14.4638,14.1732,13.2778,10.4935
7-Mar-13,16.4898,14.1212,12.0988,15.5636,14.8147,11.1423,14.4786,14.1798,13.3097,10.508
8-Mar-13,16.5212,14.1454,12.266,15.5743,14.8292,11.2912,14.4831,14.192,13.3316,10.5255
9-Mar-13,16.5248,14.1442,12.266,15.5782,14.8325,11.2912,14.4865,14.1951,13.3344,10.5277
11-Mar-13,16.5295,14.1505,12.2603,15.5864,14.8325,11.2862,14.5038,14.1956,13.3394,10.5309
12-Mar-13,16.512,14.1344,12.203,15.5844,14.8101,11.2397,14.5076,14.1719,13.3218,10.517
13-Mar-13,16.4849,14.1129,12.0639,15.5857,14.803,11.1163,14.5097,14.1657,13.3082,10.5036
14-Mar-13,16.5372,14.1583,12.1737,15.63,14.8313,11.2214,14.5601,14.1916,13.3553,10.5406
15-Mar-13,16.5402,14.1621,12.0948,15.6691,14.8307,11.1489,14.5836,14.1895,13.3582,10.5426
16-Mar-13,16.5437,14.1652,12.0948,15.673,14.834,11.1489,14.5871,14.1927,13.361,10.5448
18-Mar-13,16.5213,14.1463,12.0187,15.6578,14.8153,11.0838,14.5766,14.174,13.3416,10.5266
19-Mar-13,16.4792,14.112,11.8477,15.636,14.7931,10.9242,14.5518,14.1523,13.311,10.4992
20-Mar-13,16.4466,14.0842,11.7395,15.6255,14.7671,10.8336,14.5455,14.1233,13.2859,10.4747
21-Mar-13,16.4448,14.0799,11.6484,15.6219,14.7716,10.7668,14.5554,14.124,13.2798,10.4726
22-Mar-13,16.4227,14.0622,11.6371,15.6083,14.7509,10.7505,14.543,14.0979,13.2617,10.4558
23-Mar-13,16.4264,14.0654,11.6379,15.6121,14.7541,10.7505,14.5463,14.101,13.2645,10.458
25-Mar-13,16.4197,14.0609,11.6305,15.6594,14.7568,10.7361,14.561,14.1094,13.2701,10.4569
26-Mar-13,16.419,14.0618,11.6555,15.6782,14.7483,10.7553,14.569,14.0986,13.2677,10.4594
28-Mar-13,16.4658,14.099,11.737,15.7123,14.7775,10.8338,14.5904,14.1147,13.2979,10.4823
30-Mar-13,16.4712,14.1035,11.7368,15.7199,14.7806,10.8337,14.5972,14.1176,13.3021,10.4854
1-Apr-13,16.4806,14.1136,11.7364,15.7273,14.7868,10.8334,14.6039,14.1236,13.3077,10.4897
2-Apr-13,16.4933,14.1222,11.8699,15.7414,14.7717,10.9501,14.6135,14.1097,13.3126,10.4917
3-Apr-13,16.4921,14.124,11.705,15.7454,14.8013,10.8077,14.6309,14.1419,13.3193,10.5029
4-Apr-13,16.49,14.1198,11.5405,15.7689,14.806,10.6387,14.649,14.1499,13.3198,10.4997
5-Apr-13,16.5154,14.1427,11.5361,15.7908,14.827,10.614,14.6624,14.1683,13.3385,10.5107
6-Apr-13,16.519,14.1457,11.536,15.7945,14.8302,10.614,14.6658,14.1713,13.3413,10.5128
8-Apr-13,16.5437,14.1672,11.5345,15.8077,14.8593,10.6114,14.6814,14.2031,13.3624,10.5289
9-Apr-13,16.5483,14.1814,11.437,15.8205,14.8938,10.5236,14.6991,14.241,13.3821,10.5516
10-Apr-13,16.563,14.1889,11.5575,15.8173,14.9044,10.6381,14.6998,14.2456,13.3913,10.5527
11-Apr-13,16.5666,14.1918,11.5576,15.8211,14.9076,10.638,14.7032,14.2486,13.3942,10.5549
12-Apr-13,16.6018,14.2212,11.511,15.8571,14.9347,10.5896,14.7224,14.2768,13.4185,10.5772
13-Apr-13,16.6054,14.2242,11.5109,15.8609,14.9379,10.5895,14.7258,14.2797,13.4213,10.5793
15-Apr-13,16.6487,14.2667,11.5973,15.8614,14.9971,10.6786,14.7468,14.3433,13.4642,10.6235
16-Apr-13,16.6988,14.31,11.8422,15.8945,15.0343,10.8986,14.758,14.375,13.5038,10.6599
17-Apr-13,16.7536,14.354,11.8407,15.9165,15.0748,10.9028,14.7849,14.4133,13.5368,10.6896
18-Apr-13,16.8178,14.4101,12.0211,15.961,15.1297,11.0679,14.8091,14.4712,13.5873,10.7386
19-Apr-13,16.8214,14.4131,12.021,15.9647,15.1328,11.0678,14.8126,14.4742,13.5901,10.7408
20-Apr-13,16.825,14.4162,12.0209,15.9685,15.136,11.0678,14.816,14.4772,13.593,10.743
22-Apr-13,16.8582,14.4451,12.1122,15.9719,15.179,11.1605,14.8383,14.5202,13.6317,10.7675
23-Apr-13,16.8969,14.4746,12.1167,16.0107,15.2048,11.1663,14.8503,14.544,13.6562,10.7824
24-Apr-13,16.9005,14.4777,12.1166,16.0145,15.208,11.1663,14.8537,14.547,13.6587,10.7846
25-Apr-13,16.8859,14.4677,12.31,15.991,15.1809,11.3267,14.8474,14.5232,13.6604,10.7833
26-Apr-13,16.9209,14.4971,12.2742,16.0291,15.2022,11.2684,14.8732,14.5423,13.6825,10.7971
27-Apr-13,16.9245,14.5002,12.2741,16.0329,15.2054,11.2683,14.8767,14.5454,13.6854,10.7993
29-Apr-13,16.9224,14.5012,12.3353,16.0432,15.1968,11.3241,14.8741,14.5385,13.6815,10.8018
30-Apr-13,16.9539,14.5275,12.4038,16.0774,15.2196,11.3818,14.9061,14.5618,13.7085,10.8218
1-May-13,16.9575,14.5306,12.4037,16.0812,15.2228,11.3817,14.9095,14.5648,13.7113,10.824
2-May-13,16.9813,14.5563,12.5315,16.0963,15.2423,11.5143,14.9293,14.5864,13.7385,10.8504
3-May-13,16.9726,14.5474,12.412,16.0892,15.2365,11.4063,14.9278,14.5716,13.7264,10.83
4-May-13,16.9763,14.5505,12.4127,16.093,15.2397,11.407,14.9312,14.5747,13.7292,10.8322
6-May-13,16.9877,14.563,12.4643,16.1327,15.2428,11.4572,14.9681,14.5861,13.7508,10.8549
7-May-13,17.0472,14.6198,12.5895,16.1613,15.273,11.5785,15.0006,14.6119,13.7941,10.8888
8-May-13,17.1012,14.6666,12.6411,16.2096,15.3399,11.6357,15.0233,14.678,13.8431,10.935
9-May-13,17.1914,14.7571,12.6043,16.2409,15.4751,11.6109,15.081,14.8147,13.9358,11.0151
10-May-13,17.2394,14.8038,12.6928,16.274,15.5235,11.6919,15.1065,14.8705,13.9827,11.0505
11-May-13,17.2474,14.81,12.7312,16.2778,15.5267,11.7184,15.1098,14.8735,13.9883,11.055
13-May-13,17.2488,14.8093,12.4852,16.298,15.5376,11.4911,15.1132,14.884,13.9889,11.0538
14-May-13,17.363,14.914,12.5167,16.3818,15.659,11.5167,15.2246,15.0028,14.0969,11.1505
15-May-13,17.4684,15.0127,12.8118,16.4813,15.722,11.7941,15.2968,15.0781,14.1845,11.2333
16-May-13,17.5319,15.0622,12.8673,16.4997,15.8106,11.8467,15.2821,15.1639,14.2273,11.2818
17-May-13,17.5673,15.0992,12.9107,16.5074,15.8512,11.8841,15.319,15.2045,14.2679,11.3079
18-May-13,17.5709,15.1023,12.9106,16.5112,15.8544,11.884,15.3223,15.2076,14.2708,11.3101
20-May-13,17.577,15.11,12.8541,16.4962,15.8963,11.8294,15.3114,15.2289,14.2812,11.3233
21-May-13,17.6039,15.1336,12.7649,16.5228,15.9141,11.7518,15.3279,15.2525,14.2982,11.3337
22-May-13,17.5918,15.1213,12.723,16.5207,15.9039,11.7164,15.3233,15.2476,14.2865,11.324
23-May-13,17.5567,15.0935,12.4654,16.5002,15.9085,11.4779,15.2949,15.2494,14.2605,11.3067
24-May-13,17.5995,15.1349,12.4986,16.5341,15.9516,11.5066,15.3224,15.292,14.2971,11.3359
25-May-13,17.6031,15.1387,12.5079,16.5379,15.9548,11.5157,15.3258,15.2951,14.3007,11.3385
27-May-13,17.6229,15.1554,12.6732,16.5361,15.9615,11.677,15.3324,15.3043,14.3186,11.3489
28-May-13,17.6284,15.1605,12.7308,16.5283,15.961,11.7247,15.3275,15.3056,14.3233,11.3555
29-May-13,17.5886,15.1214,12.7243,16.4915,15.9211,11.715,15.2905,15.2635,14.2866,11.3195
30-May-13,17.5922,15.1268,12.7583,16.5027,15.9024,11.7448,15.2957,15.2573,14.287,11.3273
31-May-13,17.514,15.0532,12.4703,16.4488,15.8563,11.4809,15.2513,15.21,14.2197,11.2617
1-Jun-13,17.5173,15.0562,12.4702,16.4518,15.8595,11.4808,15.2498,15.213,14.2226,11.2639
3-Jun-13,17.508,15.0609,12.3765,16.4544,15.8595,11.3874,15.0862,15.2071,14.2255,11.2695
4-Jun-13,17.5433,15.0926,12.362,16.4608,15.9255,11.3647,15.0921,15.2676,14.2574,11.2959
5-Jun-13,17.5416,15.0911,12.3851,16.4717,15.9101,11.3819,15.0996,15.2518,14.2557,11.2913
6-Jun-13,17.5468,15.0912,12.378,16.4628,15.9187,11.3801,15.0919,15.254,14.2541,11.2904
7-Jun-13,17.5108,15.0568,12.2967,16.4292,15.8935,11.3044,15.0662,15.229,14.2217,11.2622
8-Jun-13,17.5144,15.0598,12.2966,16.433,15.8967,11.3043,15.0696,15.2321,14.2246,11.2644
10-Jun-13,17.4668,15.0184,12.2909,16.4099,15.8263,11.3054,15.0409,15.1766,14.1842,11.2299
11-Jun-13,17.3842,14.9438,12.1401,16.3554,15.7567,11.158,14.9968,15.1013,14.1122,11.1691
12-Jun-13,17.3602,14.9213,12.0907,16.3267,15.7504,11.1069,14.9702,15.0973,14.0917,11.1501
13-Jun-13,17.332,14.8964,11.9573,16.3322,15.7163,10.9915,14.9714,15.0653,14.0655,11.1296
14-Jun-13,17.3654,14.9316,12.1987,16.3479,15.7381,11.2079,14.9899,15.0815,14.1011,11.1596
15-Jun-13,17.369,14.9347,12.1986,16.3517,15.7413,11.2078,14.9933,15.0845,14.104,11.1618
17-Jun-13,17.4677,15.0182,12.2927,16.4159,15.8369,11.2985,15.0515,15.1728,14.1855,11.233
18-Jun-13,17.4511,15.0044,12.2227,16.4233,15.816,11.2303,15.0519,15.1547,14.1683,11.2189
19-Jun-13,17.4399,14.9993,12.2254,16.411,15.8123,11.2431,15.0556,15.153,14.1701,11.2196
20-Jun-13,17.2652,14.8335,11.9179,16.2962,15.6207,10.952,14.9403,14.9813,14.003,11.0785
21-Jun-13,17.2491,14.8208,11.9586,16.2685,15.6257,10.9839,14.9134,14.9816,13.995,11.0663
22-Jun-13,17.2581,14.828,12.0082,16.2722,15.6289,11.0389,14.9167,14.9847,14.0019,11.0713
24-Jun-13,17.1704,14.7464,11.8754,16.2051,15.5477,10.9101,14.8542,14.9002,13.9198,11.0088
25-Jun-13,17.1568,14.7339,11.9037,16.1935,15.5325,10.9458,14.8458,14.8811,13.9108,10.9914
26-Jun-13,17.0757,14.6572,11.8791,16.1209,15.441,10.9149,14.779,14.7925,13.8332,10.9279
27-Jun-13,17.0745,14.6532,12.0684,16.0941,15.4363,11.0955,14.7576,14.7827,13.8351,10.9198
28-Jun-13,17.2276,14.7909,12.3934,16.2316,15.552,11.3889,14.8778,14.882,13.9706,11.0319
29-Jun-13,17.2312,14.794,12.3933,16.2354,15.5553,11.3888,14.8812,14.8851,13.9735,11.0341
30-Jun-13,17.2348,14.7971,12.3932,16.2392,15.5585,11.3887,14.8846,14.8882,13.9764,11.0363
1-Jul-13,17.2491,14.8088,12.5113,16.2524,15.5457,11.4869,14.9013,14.8722,13.9864,11.0457
2-Jul-13,17.2175,14.7798,12.4215,16.2386,15.5135,11.3993,14.8837,14.844,13.9581,11.0199
3-Jul-13,17.1367,14.7076,12.2599,16.1637,15.4558,11.2586,14.8177,14.7879,13.8845,10.9603
4-Jul-13,17.2161,14.7784,12.3915,16.2021,15.5541,11.3826,14.8563,14.8848,13.9559,11.0186
5-Jul-13,17.1891,14.7562,12.4332,16.1956,15.4946,11.4255,14.8484,14.8357,13.9352,11.0012
6-Jul-13,17.1938,14.7602,12.4443,16.1995,15.4978,11.4364,14.8518,14.8388,13.9391,11.0042
8-Jul-13,17.1152,14.6854,12.3027,16.1213,15.4278,11.3156,14.7811,14.7644,13.8663,10.9363
9-Jul-13,17.1411,14.7066,12.4057,16.13,15.456,11.4101,14.7919,14.7954,13.8904,10.959
10-Jul-13,17.1407,14.7085,12.3296,16.1285,15.4758,11.3393,14.7886,14.8106,13.8921,10.9581
11-Jul-13,17.2068,14.7665,12.5567,16.1534,15.5331,11.5502,14.8135,14.8679,13.9496,11.003
12-Jul-13,17.1753,14.7362,12.7014,16.1522,15.4549,11.6885,14.8085,14.7941,13.9153,10.9751
13-Jul-13,17.1789,14.7393,12.7013,16.156,15.4581,11.6884,14.8119,14.7972,13.9183,10.9773
15-Jul-13,17.1512,14.7133,12.727,16.1219,15.4346,11.7211,14.7806,14.7758,13.8963,10.9527
16-Jul-13,16.5526,14.1715,12.5908,15.5764,14.8084,11.5931,14.2925,14.1689,13.3767,10.5197
17-Jul-13,16.5332,14.1493,12.5842,15.5499,14.7947,11.5854,14.2705,14.1535,13.3559,10.5055
18-Jul-13,16.6358,14.244,12.7016,15.6825,14.8699,11.6934,14.375,14.2252,13.4542,10.5826
19-Jul-13,16.6591,14.2678,12.7077,15.8058,14.8186,11.6943,14.5076,14.1867,13.4776,10.6038
22-Jul-13,16.5638,14.1778,12.6882,15.7088,14.7108,11.6799,14.3986,14.0704,13.3822,10.5285
23-Jul-13,16.5244,14.1417,12.7568,15.6594,14.6604,11.7407,14.3623,14.0216,13.3504,10.5057
24-Jul-13,16.322,13.9663,12.6024,15.4812,14.4757,11.592,14.2021,13.8527,13.1977,10.371
25-Jul-13,16.4192,14.0523,12.4668,15.5869,14.576,11.4705,14.2976,13.9671,13.2763,10.4325
26-Jul-13,16.5036,14.1263,12.4338,15.7302,14.6401,11.445,14.4253,14.0139,13.3516,10.4892
27-Jul-13,16.5073,14.1294,12.4337,15.7341,14.6434,11.4449,14.4288,14.017,13.3545,10.4915
29-Jul-13,16.5013,14.1227,12.3394,15.7192,14.6424,11.3572,14.4255,14.0076,13.3406,10.4843
30-Jul-13,16.3994,14.0321,12.1778,15.6804,14.51,11.2093,14.388,13.8813,13.2521,10.4198
31-Jul-13,16.328,13.9683,12.1607,15.5927,14.4633,11.1938,14.3097,13.8402,13.2038,10.3673
1-Aug-13,16.4232,14.0545,12.1287,15.6758,14.5755,11.167,14.3785,13.9483,13.2804,10.4362
2-Aug-13,16.3055,13.9493,12.0224,15.6331,14.4165,11.0681,14.3405,13.7968,13.1801,10.3548
5-Aug-13,16.3912,14.0284,12.0469,15.6905,14.52,11.0891,14.3721,13.9027,13.2538,10.4152
6-Aug-13,16.301,13.9459,11.7924,15.6392,14.4474,10.8555,14.3261,13.8203,13.1745,10.3483
7-Aug-13,16.338,13.9802,11.7131,15.6835,14.483,10.783,14.3716,13.8595,13.2075,10.3744
8-Aug-13,16.3557,13.9984,11.7876,15.7092,14.4943,10.8584,14.3817,13.869,13.2271,10.3865
12-Aug-13,16.2692,13.9103,11.8685,15.6477,14.3558,10.9297,14.3315,13.7255,13.1326,10.3154
13-Aug-13,16.1873,13.8385,12.062,15.5469,14.181,11.1158,14.2369,13.6053,13.0663,10.2651
14-Aug-13,16.0914,13.7511,12.1601,15.4514,14.075,11.2087,14.145,13.507,12.9887,10.1919
16-Aug-13,15.8327,13.5191,11.7259,15.3185,13.8031,10.8032,14.0127,13.2451,12.7629,10.0076
17-Aug-13,15.8364,13.5222,11.7258,15.3224,13.8063,10.8031,14.0162,13.2482,12.7659,10.0098
18-Aug-13,15.8401,13.5254,11.7257,15.3262,13.8095,10.803,14.0196,13.2513,12.7688,10.0121
19-Aug-13,15.555,13.2773,11.5172,15.0685,13.5369,10.6023,13.7853,12.9903,12.5407,9.8168
20-Aug-13,15.742,13.447,11.4744,15.2306,13.7606,10.5642,13.9434,13.1945,12.6953,9.9567
21-Aug-13,16.173,13.8405,11.2573,15.5732,14.2687,10.3591,14.2738,13.6932,13.0636,10.2703
22-Aug-13,16.2472,13.9122,11.4419,15.6042,14.3589,10.5291,14.3051,13.7857,13.1449,10.3332
23-Aug-13,16.2318,13.892,11.5494,15.6124,14.2988,10.6248,14.311,13.7267,13.1216,10.3123
26-Aug-13,16.2438,13.9039,11.5527,15.651,14.2885,10.6312,14.3462,13.7214,13.1322,10.3195
27-Aug-13,15.9579,13.6468,11.2046,15.4481,14.0258,10.3107,14.1527,13.4558,12.8909,10.1153
28-Aug-13,15.7924,13.4924,11.1503,15.3167,13.8355,10.2584,14.0446,13.2667,12.7432,9.9889
29-Aug-13,15.8781,13.5654,11.3995,15.3423,13.9366,10.4851,14.0621,13.3682,12.8144,10.041
30-Aug-13,15.9246,13.6065,11.5278,15.4219,13.9306,10.6079,14.1493,13.3535,12.8572,10.072
2-Sep-13,16.0632,13.7353,11.667,15.5083,14.086,10.7393,14.2159,13.5079,12.9797,10.1759
3-Sep-13,16.0204,13.6969,11.279,15.5117,14.0681,10.3797,14.2222,13.498,12.9407,10.1423
4-Sep-13,16.1456,13.8097,11.4811,15.5638,14.1763,10.5674,14.2887,13.6131,13.0551,10.2331
5-Sep-13,16.2168,13.8745,11.7605,15.6296,14.2151,10.8199,14.353,13.6609,13.1197,10.2709
6-Sep-13,16.1712,13.8321,11.9615,15.6334,14.1414,11.0059,14.3317,13.5774,13.0776,10.2449
10-Sep-13,16.2704,13.911,12.4013,15.6643,14.2066,11.4085,14.3615,13.6486,13.1617,10.3028
11-Sep-13,16.2946,13.9291,12.4315,15.6828,14.2193,11.4304,14.378,13.6569,13.1751,10.3162
12-Sep-13,16.2449,13.8853,12.3183,15.6511,14.1671,11.3305,14.3592,13.6041,13.1273,10.2792
13-Sep-13,16.2467,13.885,12.314,15.6487,14.1702,11.3245,14.352,13.6099,13.1252,10.2776
16-Sep-13,16.2913,13.9239,12.3113,15.7053,14.2045,11.323,14.4036,13.6442,13.1609,10.3054
17-Sep-13,16.3132,13.9473,12.3293,15.7444,14.3052,11.3384,14.4336,13.6901,13.1857,10.3255
18-Sep-13,16.364,13.9873,12.4364,15.7637,14.3558,11.4319,14.4603,13.746,13.2257,10.3511
19-Sep-13,16.6289,14.2237,12.8448,15.916,14.6343,11.8023,14.5957,14.0182,13.4473,10.5377
20-Sep-13,16.3395,13.9555,12.6681,15.7575,14.2762,11.6415,14.4462,13.6736,13.1984,10.3257
23-Sep-13,16.0746,13.7109,12.424,15.604,13.9929,11.4166,14.2988,13.3873,12.9758,10.1303
